h,N_all1,N_T1,N_ctrl1,LP1,lb1,ub1,Dbar_raw1,Dbar_br1,N_all2,N_T2,N_ctrl2,LP2,lb2,ub2,Dbar_raw2,Dbar_br2
-500,34114,9,34105,.0001101144517847,-.0020246399,.0022448688,,,32815,8,32807,-.0000761767837571,-.0031863849,.0030340315,,
-499,34150,9,34141,.0000928011278027,-.0020342506,.002219853,,,32850,8,32842,-.0001575851310704,-.0031333449,.0028181747,,
-498,34186,9,34177,-.0000249206316131,-.0024447336,.0023948923,,,32885,8,32877,.0000403070526937,-.0029721437,.0030527578,,
-497,34222,9,34213,-.0003166564383763,-.0027513059,.0021179931,,,32920,8,32912,.0012660146693341,-.0026388874,.0051709167,,
-496,34258,9,34249,-.0005513344348848,-.0028960893,.0017934204,,,32955,8,32947,.0016263400106539,-.0023804035,.0056330836,,
-495,34294,9,34285,-.0004137302564925,-.0026889956,.001861535,,,32990,8,32982,.0015805677061953,-.0024671261,.0056282617,,
-494,34330,9,34321,-.0006871961787192,-.0028472673,.001472875,,,33025,8,33017,.0015373260676553,-.0025595876,.0056342399,,
-493,34366,9,34357,-.0008208844860624,-.002973702,.001331933,,,33060,8,33052,.0013145319147426,-.0026845203,.0053135841,,
-492,34402,9,34393,-.0008749056753437,-.0030605218,.0013107104,,,33095,8,33087,.0012255675961798,-.0027621775,.0052133128,,
-491,34438,9,34429,-.0012877684620176,-.0035060463,.00093050924,,,33130,8,33122,.0011621107591016,-.0021850821,.0045093037,,
-490,34474,9,34465,-.0014434568498029,-.0037065917,.00081967807,,,33165,8,33157,.0007909058547603,-.002300709,.0038825206,,
-489,34510,9,34501,-.0019047692519412,-.0041460404,.00033650195,,,33200,8,33192,.0010356624059922,-.0020183756,.0040897005,,
-488,34546,9,34537,-.0018442904943651,-.0040675886,.00037900763,,,33235,8,33227,.0010657767466371,-.0020423459,.0041738995,,
-487,34582,9,34573,-.0019093915684384,-.0041721198,.00035333677,,,33270,8,33262,.0010998741247268,-.0020692616,.0042690099,,
-486,34618,9,34609,-.0019498842721343,-.0044659982,.00056622981,,,33305,8,33297,.0011202768667166,-.0020846855,.004325239,,
-485,34654,9,34645,-.0018122019387725,-.0043582418,.00073383795,,,33340,8,33332,.0011058977408534,-.0021771188,.0043889144,,
-484,34690,9,34681,-.0019864009684324,-.0046487162,.00067591411,,,33375,8,33367,.0015255343324102,-.0018588749,.0049099433,,
-483,34726,9,34717,-.0020306172392443,-.004812764,.00075152941,,,33410,8,33402,.0020325459573294,-.0015598402,.0056249322,,
-482,34762,9,34753,-.0019562549892946,-.004634256,.00072174601,,,33445,8,33437,.0019840945130484,-.0016661563,.0056343451,,
-481,34798,9,34789,-.0018182982041571,-.0044255848,.0007889882,,,33480,8,33472,.0019746028421325,-.0017608487,.0057100542,,
-480,34834,9,34825,-.0017892522259492,-.0043683457,.00078984129,,,33515,8,33507,.0019701991912001,-.0018521664,.0057925647,,
-479,34870,9,34861,-.0017778179883902,-.0044057374,.00085010164,,,33550,8,33542,.002017407224358,-.0017954177,.0058302321,,
-478,34906,9,34897,-.0016255694306905,-.0041429927,.00089185365,,,33585,8,33577,.0019113135276875,-.001802,.0056246272,,
-477,34942,9,34933,-.001829596487294,-.0045557097,.00089651649,,,33620,8,33612,.0022124183957163,-.0017221239,.0061469609,,
-476,34978,9,34969,-.0017239352441699,-.0045825145,.001134644,,,33655,8,33647,.0019680846576567,-.0018459556,.0057821251,,
-475,35014,9,35005,-.0019411548024101,-.0044912314,.00060892163,,,33690,8,33682,.0021385191726902,-.00166859,.0059456285,,
-474,35050,9,35041,-.0015552829376388,-.0041268803,.0010163146,,,33725,8,33717,.0022097302227027,-.0015604295,.00597989,,
-473,35086,9,35077,-.0012341325838774,-.0038319903,.0013637251,,,33760,8,33752,.0022822138911883,-.0014537128,.0060181404,,
-472,35122,9,35113,-.0008906682602676,-.0035105338,.0017291972,,,33795,8,33787,.0023445227609591,-.0013750072,.0060640527,,
-471,35158,9,35149,-.0005697675740609,-.0031862645,.0020467294,,,33830,8,33822,.0021290772897024,-.0015090075,.005767162,,
-470,35194,9,35185,-.0003271645102381,-.0028459697,.0021916407,,,33865,8,33857,.002266099663245,-.0017914448,.006323644,,
-469,35230,9,35221,-.0002593834917923,-.0026298759,.002111109,,,33900,8,33892,.0021488550227086,-.0019849981,.0062827081,,
-468,35266,9,35257,-.0002106758512726,-.0024411981,.0020198463,,,33935,8,33927,.0021270867169564,-.0019452239,.0061993971,,
-467,35302,9,35293,3.62720749301e-06,-.0021483279,.0021555824,,,33970,8,33962,.0020166920640342,-.0019829532,.0060163373,,
-466,35338,9,35329,.0001188594284552,-.001913906,.0021516248,,,34005,8,33997,.0019072728242657,-.0020215253,.005836071,,
-465,35374,9,35365,.0003202480876109,-.0015448997,.0021853957,,,34040,8,34032,.0017451479655737,-.002155026,.0056453221,,
-464,35410,9,35401,.0003176342527782,-.0015823308,.0022175994,,,34075,8,34067,.001387473045002,-.0024285982,.0052035442,,
-463,35446,9,35437,.0002891107010639,-.0016847148,.0022629362,,,34110,8,34102,.0014029038410585,-.0021679851,.0049737925,,
-462,35482,9,35473,.0002107835328288,-.0019309297,.0023524968,,,34145,8,34137,.0014690186718223,-.0017865773,.0047246148,,
-461,35518,9,35509,.000230819222301,-.002093862,.0025555005,,,34180,8,34172,.0014637589774034,-.0017193211,.0046468391,,
-460,35554,9,35545,.0002829999923762,-.0022604167,.0028264166,,,34215,8,34207,.0015028134688773,-.0016365764,.0046422035,,
-459,35590,9,35581,.0001967961282859,-.0026183438,.0030119361,,,34250,8,34242,.0015432026231927,-.0015560761,.0046424814,,
-458,35626,9,35617,.0001923360750665,-.0028246341,.0032093064,,,34285,8,34277,.00162463574104,-.0014562646,.0047055362,,
-457,35662,9,35653,.0002626912111883,-.0028532869,.0033786693,,,34320,8,34312,.0015471544959171,-.0015099626,.0046042716,,
-456,35698,9,35689,.0005063538528763,-.0025803179,.0035930257,,,34355,8,34347,.0018359223792658,-.0016864263,.0053582713,,
-455,35734,9,35725,.0003400147984938,-.0029410175,.0036210471,,,34390,8,34382,.0017193269143475,-.0017778266,.0052164802,,
-454,35770,9,35761,.0003328794857223,-.002967108,.003632867,,,34425,8,34417,.0016807276343668,-.0017621599,.0051236153,,
-453,35806,9,35797,.0003229581957064,-.0031761525,.0038220689,,,34460,8,34452,.0016455243328853,-.0017566681,.0050477167,,
-452,35842,9,35833,.0002988079619275,-.0033783116,.0039759274,,,34495,8,34487,.0016126887407608,-.0017521627,.0049775401,,
-451,35878,9,35869,.0002116984170407,-.0035167222,.0039401189,,,34530,8,34522,.0015123389689758,-.0018161283,.0048408061,,
-450,35914,9,35905,.0001263970632563,-.0036202869,.0038730809,,,34565,8,34557,.001426211462053,-.0018705102,.0047229333,,
-449,35950,9,35941,-8.05817325210e-06,-.0038358194,.0038197031,,,34600,8,34592,.0014154133785751,-.0019069877,.0047378144,,
-448,35986,9,35977,-.000224963863233,-.0041708294,.0037209014,,,34635,8,34627,.0013804998583784,-.0018489836,.0046099834,,
-447,36022,9,36013,-.0004902099468982,-.0046499027,.0036694829,,,34670,8,34662,.0014321745261429,-.0017351487,.0045994977,,
-446,36058,9,36049,-.0003450471734944,-.0045462218,.0038561276,,,34705,8,34697,.0014177707533548,-.0017204528,.0045559942,,
-445,36094,9,36085,-.0001623284010529,-.0044527575,.0041281008,,,34740,8,34732,.0014050609006372,-.0017072527,.0045173746,,
-444,36130,9,36121,-.0001269671518064,-.004385801,.0041318671,,,34775,8,34767,.0014151317618688,-.001680022,.0045102853,,
-443,36166,9,36157,-.0000961848039095,-.0044124783,.0042201085,,,34810,8,34802,.0012604931534569,-.0017898302,.0043108165,,
-442,36202,9,36193,-.0003793553742591,-.004814676,.0040559652,,,34845,8,34837,.0004546093287748,-.0026554374,.003564656,,
-441,36238,9,36229,-.0004088795545081,-.0048806933,.0040629343,,,34880,8,34872,.0000586917636855,-.0027413452,.0028587289,,
-440,36274,9,36265,-.0004664491774584,-.0049463972,.0040134988,,,34915,8,34907,.0001476430802237,-.0026361598,.0029314458,,
-439,36310,9,36301,-.0003229494934349,-.0048239487,.0041780495,,,34950,8,34942,.0001816994050116,-.0025870246,.0029504234,,
-438,36346,9,36337,-.0004030112464086,-.0047389241,.0039329012,,,34985,8,34977,.0002169160879076,-.0025489514,.0029827836,,
-437,36382,9,36373,-.0003519583379059,-.0047849067,.0040809899,,,35020,8,35012,.0000178321881887,-.0027036925,.0027393571,,
-436,36418,9,36409,-.000137899758996,-.0046787714,.0044029718,,,35055,8,35047,-.0001915662740389,-.0028484056,.002465273,,
-435,36454,9,36445,-.0000438581757527,-.0047690598,.0046813437,,,35090,8,35082,.0000989259864147,-.0026355817,.0028334337,,
-434,36490,9,36481,-.0001180161661534,-.0049938876,.0047578556,,,35125,8,35117,-.0000694562309866,-.0027216093,.002582697,,
-433,36526,9,36517,-.0000836301394952,-.0050505167,.0048832563,,,35160,8,35152,-.0001219657938099,-.0027133306,.002469399,,
-432,36562,9,36553,.0001197549488146,-.0049060746,.0051455842,,,35195,8,35187,-.0002163014284376,-.0027740726,.0023414697,,
-431,36598,9,36589,.0003713142429724,-.0051678028,.005910431,,,35230,8,35222,-.000307718701069,-.0028365732,.0022211359,,
-430,36634,9,36625,.0002734802774192,-.0049835527,.0055305134,,,35265,8,35257,-.0003542955216078,-.0028513041,.0021427132,,
-429,36670,9,36661,.0002854942889034,-.0050704419,.0056414306,,,35300,8,35292,-.0005078278539947,-.0030258454,.0020101897,,
-428,36706,9,36697,.0001988341177412,-.0052702189,.0056678872,,,35335,8,35327,-.0005527736856047,-.0030830661,.0019775187,,
-427,36742,9,36733,.0000748007540944,-.0055488693,.0056984704,,,35370,8,35362,-.0011405868926903,-.0037159482,.0014347744,,
-426,36778,9,36769,.0001740365207302,-.0055668009,.0059148739,,,35405,8,35397,-.0009350180355294,-.0035119134,.0016418773,,
-425,36814,9,36805,.0004890705594794,-.0052431151,.0062212562,,,35440,8,35432,-.0009169116389914,-.0034508852,.0016170619,,
-424,36850,9,36841,.0004344574972072,-.00501278,.0058816951,,,35475,8,35467,-.0008963491086643,-.0033935071,.0016008088,,
-423,36886,9,36877,.0004810152214545,-.0049500256,.0059120557,,,35510,8,35502,-.0008364845082885,-.0032809672,.0016079982,,
-422,36922,9,36913,.0005750696698307,-.0048027625,.0059529017,,,35545,8,35537,-.0011401926588008,-.0034473671,.0011669818,,
-421,36958,9,36949,.0007499983669114,-.0046113566,.0061113532,,,35580,8,35572,-.0008747148658252,-.0033596104,.0016101806,,
-420,36994,9,36985,.0006100759340316,-.004781777,.0060019288,,,35615,8,35607,-.0005682296174257,-.0033934629,.0022570034,,
-419,37030,9,37021,.0005870553641351,-.004982614,.0061567244,,,35650,8,35642,-.0005777002464403,-.0034435666,.0022881662,,
-418,37066,9,37057,.0006975337734911,-.004703945,.0060990122,,,35685,8,35677,-.0005938373645651,-.0034102716,.0022225969,,
-417,37102,9,37093,.0006909479605735,-.0046633095,.0060452055,,,35720,8,35712,-.0006077497379868,-.0033833007,.0021678014,,
-416,37138,9,37129,.0005533571053309,-.0047474233,.0058541377,,,35755,8,35747,-.0007662248022105,-.0035831863,.0020507367,,
-415,37174,9,37165,.0005433362205923,-.0048577627,.005944435,,,35790,8,35782,-.000993427249983,-.0038474188,.0018605642,,
-414,37210,9,37201,.0006435625682176,-.0049170656,.0062041907,,,35825,8,35817,-.0008154001891078,-.004053948,.0024231479,,
-413,37246,9,37237,.0006656430724514,-.0049612913,.0062925778,,,35860,8,35852,-.0008038555953303,-.0040594111,.0024516999,,
-412,37282,9,37273,.0006822271813107,-.0051389006,.0065033548,,,35895,8,35887,-.0007760900425872,-.003938803,.0023866226,,
-411,37318,9,37309,.0008293504954219,-.0047972286,.0064559295,,,35930,8,35922,-.0007492572821735,-.0038143897,.0023158751,,
-410,37354,9,37345,.0009882586804177,-.0046087755,.0065852925,,,35965,8,35957,-.0007176535196034,-.0036886621,.002253355,,
-409,37390,9,37381,.001007495670171,-.004428674,.0064436654,,,36000,8,35992,-.0008291895984523,-.0037943544,.0021359753,,
-408,37426,9,37417,.0010520591291362,-.0043306649,.0064347829,,,36035,8,36027,-.0008324136333604,-.0037593204,.002094493,,
-407,37462,9,37453,.0011660771725153,-.0041785394,.006510694,,,36070,8,36062,-.0009336642219747,-.0038863262,.0020189979,,
-406,37498,9,37489,.0010543677703485,-.0042504976,.0063592331,,,36105,8,36097,.0000919182349075,-.0029036077,.003087444,,
-405,37534,9,37525,.0008140591642025,-.0046077492,.0062358677,,,36140,8,36132,.0001989564515,-.002873848,.0032717609,,
-404,37570,9,37561,.0009902557260473,-.0043352027,.0063157142,,,36175,8,36167,.0001730086946773,-.0029527927,.0032988102,,
-403,37606,9,37597,.0009680594453324,-.0042714905,.0062076095,,,36210,8,36202,.0001498604704902,-.003030577,.0033302978,,
-402,37642,9,37633,.0010285703885909,-.0041685468,.0062256875,,,36245,8,36237,.0001850944021661,-.0030106022,.0033807911,,
-401,37678,9,37669,.0010492453873567,-.0040894253,.0061879158,,,36280,8,36272,.0001501618350172,-.0030365712,.0033368948,,
-400,37714,9,37705,.0012205669338075,-.0037881921,.0062293261,,,36315,8,36307,.0001470065086102,-.0031273104,.0034213234,,
-399,37750,9,37741,.0012028323467781,-.0037515012,.0061571659,,,36350,8,36342,.0005867091513729,-.0027077368,.0038811553,,
-398,37786,9,37777,.0012761175321259,-.0037126914,.0062649264,,,36385,8,36377,.0008055744150195,-.0024189302,.0040300791,,
-397,37822,9,37813,.0012421527417104,-.0038839632,.0063682687,,,36420,8,36412,.0007615203104574,-.0023992818,.0039223223,,
-396,37858,9,37849,.0009832811180305,-.0037229687,.0056895311,,,36455,8,36447,.0007204294758464,-.0023804449,.0038213041,,
-395,37894,9,37885,.0010587790334774,-.0035081415,.0056256996,,,36490,8,36482,.0006726360557992,-.0023423492,.0036876213,,
-394,37930,9,37921,.0011307770655525,-.0033189862,.0055805403,,,36525,8,36517,.0006354461499978,-.0023040359,.0035749283,,
-393,37966,9,37957,.0013523941308868,-.0030301739,.0057349624,,,36560,8,36552,.0007012993967395,-.0019414163,.003344015,,
-392,38002,9,37993,.0013079113711273,-.0029455821,.0055614049,,,36595,8,36587,.0006521146337449,-.0017343053,.0030385344,,
-391,38038,9,38029,.0010532508661222,-.0033895294,.0054960311,,,36630,8,36622,.0006602978786121,-.001746776,.0030673719,,
-390,38074,9,38065,.0011024747769215,-.0031935161,.0053984658,,,36665,8,36657,.0006061237116725,-.0017792414,.0029914887,,
-389,38110,9,38101,.0009130452387565,-.0033886295,.00521472,,,36700,8,36692,.0005540247159444,-.0018124925,.0029205419,,
-388,38146,9,38137,.0005746205788308,-.0035309086,.0046801497,,,36735,8,36727,.0004575822756469,-.0018256042,.0027407687,,
-387,38182,9,38173,.0003942754311134,-.0037084667,.0044970177,,,36770,8,36762,.0000673089202433,-.0022349309,.0023695489,,
-386,38218,9,38209,.000398120133294,-.003736353,.0045325933,,,36805,8,36797,.0001676665511055,-.0021872222,.0025225554,,
-385,38254,9,38245,.0002079687401377,-.0038663335,.004282271,,,36840,8,36832,-.0000872025134051,-.0025096319,.0023352269,,
-384,38290,9,38281,-.0002313167587992,-.0045610061,.0040983725,,,36875,8,36867,-.0001706392342964,-.002640984,.0022997055,,
-383,38326,9,38317,-.0002878799321149,-.0045580943,.0039823344,,,36910,8,36902,-.0001835819807216,-.0026459829,.0022788187,,
-382,38362,9,38353,-.0002201716556895,-.0044841142,.004043771,,,36945,8,36937,-.0001937375739149,-.0026520805,.0022646054,,
-381,38398,9,38389,-.0002051704754328,-.0043483749,.0039380337,,,36980,8,36972,-.0002102078103466,-.0026802863,.0022598708,,
-380,38434,9,38425,-.0002132109270951,-.0042695082,.0038430863,,,37015,8,37007,-.0004818517987525,-.0031046788,.0021409751,,
-379,38470,9,38461,.0000963153803338,-.0039007107,.0040933415,,,37050,8,37042,-.000746945746944,-.0034612541,.0019673626,,
-378,38506,9,38497,.0000471562144084,-.0038505082,.0039448207,,,37085,8,37077,-.0014475354650286,-.0043493179,.0014542469,,
-377,38542,9,38533,.0002829351674773,-.0034591439,.0040250141,,,37120,8,37112,-.0014921081591432,-.0043944698,.0014102537,,
-376,38578,9,38569,.0003677298880596,-.0032512078,.0039866674,,,37155,8,37147,-.0015634554744426,-.0044451631,.0013182521,,
-375,38614,9,38605,.000350355539084,-.0035981559,.0042988672,,,37190,8,37182,-.0016348128961536,-.0045007351,.0012311094,,
-374,38650,9,38641,.0002459530121378,-.003542145,.0040340507,,,37225,8,37217,-.0016898726375474,-.0045276047,.0011478594,,
-373,38686,9,38677,.0002127828901708,-.0035910218,.0040165875,,,37260,8,37252,-.0020305839245603,-.0049365968,.00087542896,,
-372,38722,9,38713,.0001482190562362,-.0036394785,.0039359163,,,37295,8,37287,-.0026479780573673,-.0058450387,.00054908253,,
-371,38758,9,38749,.0001073901422041,-.0037437093,.0039584897,,,37330,8,37322,-.0029006817246562,-.0061530345,.0003516711,,
-370,38794,9,38785,-.0001123311004038,-.0041421382,.0039174762,,,37365,8,37357,-.0027919644614389,-.0058528599,.00026893086,,
-369,38830,9,38821,-6.03010660494e-06,-.0039796126,.0039675524,,,37400,8,37392,-.0028130625448956,-.005779739,.00015361377,,
-368,38866,9,38857,.0000872679722566,-.0040264181,.004200954,,,37435,8,37427,-.0028302653014832,-.0057075457,.000047015157,,
-367,38902,9,38893,.0002820140678226,-.0039654262,.0045294543,,,37470,8,37462,-.0027182816937297,-.0056679831,.0002314196,,
-366,38938,9,38929,.000265187020151,-.0039971815,.0045275553,,,37505,8,37497,-.0027134949368602,-.0055197272,.000092737449,,
-365,38974,9,38965,.0002984786598893,-.0038781923,.0044751498,,,37540,8,37532,-.0023671406210544,-.0052701887,.00053590722,,
-364,39010,9,39001,.0002314961882382,-.0038177401,.0042807325,,,37575,8,37567,-.0019347175369361,-.0049196398,.0010502046,,
-363,39046,9,39037,.0005876682681769,-.0035527332,.0047280695,,,37610,8,37602,-.0014484746825658,-.0043790559,.0014821067,,
-362,39082,9,39073,.0006505409418832,-.0033218192,.0046229013,,,37645,8,37637,-.0014785930344401,-.0043680095,.0014108233,,
-361,39118,9,39109,.0007047742047428,-.0034753152,.0048848637,,,37680,8,37672,-.0015059972731406,-.0043563629,.0013443683,,
-360,39154,9,39145,.00073456402998,-.0036595878,.0051287157,,,37715,8,37707,-.0015861827033683,-.0043182215,.001145856,,
-359,39190,9,39181,.0007152907871798,-.003758294,.0051888754,,,37750,8,37742,-.0018278466782735,-.0044525522,.00079685904,,
-358,39226,9,39217,.0004803802932147,-.0039205286,.0048812893,,,37785,8,37777,-.0020330187327004,-.0048774313,.00081139378,,
-357,39262,9,39253,.0002861488660222,-.0040692319,.0046415296,,,37820,8,37812,-.0017586553893003,-.0045663482,.0010490373,,
-356,39298,9,39289,.0003486685159476,-.0038488661,.0045462032,,,37855,8,37847,-.0017218868715803,-.0044933301,.0010495563,,
-355,39334,9,39325,.0002813894839411,-.0040356647,.0045984439,,,37890,8,37882,-.0017495118548401,-.004475995,.00097697123,,
-354,39370,9,39361,.0001415725370358,-.0038117997,.0040949448,,,37925,8,37917,-.0017738524101199,-.0044582672,.00091056252,,
-353,39406,9,39397,6.30811786511e-06,-.0040438692,.0040564854,,,37960,8,37952,-.0020716732864045,-.0047816238,.00063827744,,
-352,39442,9,39433,-.0000756404183795,-.0042004474,.0040491666,,,37995,8,37987,-.0018909669036996,-.0047146305,.00093269657,,
-351,39478,9,39469,-.0003966201009403,-.004560608,.0037673679,,,38030,8,38022,-.0019915680932269,-.0049764882,.00099335215,,
-350,39514,9,39505,-.0005898225740143,-.0047595128,.0035798675,,,38065,8,38057,-.0017452461695052,-.0046731811,.001182689,,
-349,39550,9,39541,-.0003872538479789,-.0041254791,.0033509715,,,38100,8,38092,-.0016902319210182,-.0046885069,.0013080433,,
-348,39586,9,39577,-.0003338681668324,-.0039492585,.0032815223,,,38135,8,38127,-.0017103680724205,-.0046994123,.0012786761,,
-347,39622,9,39613,-.0001969813656543,-.0035988556,.0032048929,,,38170,8,38162,-.0017290146256707,-.0047135805,.0012555511,,
-346,39658,9,39649,-.0004071475542672,-.0038382655,.0030239706,,,38205,8,38197,-.0018270811576487,-.0047598123,.0011056497,,
-345,39694,9,39685,-.0004499043615991,-.0038709051,.0029710964,,,38240,8,38232,-.0017389382628645,-.0047147353,.0012368589,,
-344,39730,9,39721,-.0005783211061262,-.0040038014,.0028471593,,,38275,8,38267,-.0013359575984638,-.0038641922,.0011922769,,
-343,39766,9,39757,-.0006621214027136,-.0040081711,.002683928,,,38310,8,38302,-.0011133468386577,-.003865489,.0016387952,,
-342,39802,9,39793,-.0004147095950318,-.0032558811,.002426462,,,38345,8,38337,-.0011238216606953,-.0039330553,.0016854121,,
-341,39838,9,39829,-.0003156583283118,-.0031368623,.0025055457,,,38380,8,38372,-.0011328502253497,-.0040025599,.0017368593,,
-340,39874,9,39865,-.0001701627339923,-.0030270275,.0026867019,,,38415,8,38407,-.0011402440600527,-.0040727784,.0017922902,,
-339,39910,9,39901,-.0003618351993339,-.0032754804,.0025518099,,,38450,8,38442,-.0009727087175464,-.0039712247,.0020258075,,
-338,39946,9,39937,-.0004565111300964,-.003423627,.0025106047,,,38485,8,38477,-.0010685415250805,-.0040787556,.0019416726,,
-337,39982,9,39973,-.0009241370550463,-.003912033,.0020637591,,,38520,8,38512,-.0005159215946621,-.0032104717,.0021786285,,
-336,40018,9,40009,-.0010786683264915,-.0040941997,.0019368631,,,38555,8,38547,-.0002680114167732,-.0029170886,.0023810656,,
-335,40054,9,40045,-.0009886298202684,-.0040639141,.0020866543,,,38590,8,38582,-.0001345104519145,-.0028377748,.0025687539,,
-334,40090,9,40081,-.0008458427757747,-.0038218275,.0021301419,,,38625,8,38617,-.0000119003665012,-.0027467019,.0027229013,,
-333,40126,9,40117,-.000655943028717,-.00363485,.0023229639,,,38660,8,38652,.000111615227719,-.0026570559,.0028802862,,
-332,40162,9,40153,-.0003898450335205,-.0037104955,.0029308056,,,38695,8,38687,.0001312516928036,-.0025481842,.0028106875,,
-331,40198,9,40189,-.0004426705994609,-.0037520409,.0028666998,,,38730,8,38722,.0000987540960608,-.0025091777,.002706686,,
-330,40234,9,40225,-.0002662371597323,-.0036761584,.003143684,,,38765,8,38757,-.0001345331538223,-.0022226106,.0019535443,,
-329,40270,9,40261,-.0003352332462361,-.0036403202,.0029698536,,,38800,8,38792,-.0001269993238096,-.0021455141,.0018915155,,
-328,40306,9,40297,-.0003251060044108,-.003700899,.003050687,,,38835,8,38827,-.0001195618861286,-.0021265293,.0018874054,,
-327,40342,9,40333,-.0001534403821647,-.003464282,.0031574015,,,38870,8,38862,-.000026358309254,-.0020591361,.0020064195,,
-326,40378,9,40369,-.0000355837477311,-.0031862245,.003115057,,,38905,8,38897,.0000710471363195,-.001996557,.0021386512,,
-325,40414,9,40405,.0001101537829935,-.003029367,.0032496743,,,38940,8,38932,.000150957947295,-.0019338337,.0022357497,,
-324,40450,9,40441,.0001969161366405,-.0028885482,.0032823805,,,38975,8,38967,.0000558536322916,-.0020966667,.002208374,,
-323,40486,9,40477,.0002772419103661,-.0028802699,.0034347537,,,39010,8,39002,-.0000964805618183,-.0020895172,.0018965561,,
-322,40522,9,40513,.0003494594203603,-.0027011551,.0034000739,,,39045,8,39037,-.0005410866178154,-.0023440577,.0012618845,,
-321,40558,9,40549,.0007390069344079,-.0020966639,.0035746777,,,39080,8,39072,-.0005133680255068,-.0022827594,.0012560233,,
-320,40594,9,40585,.0008055134577012,-.0018125909,.0034236179,,,39115,8,39107,-.0005380467828473,-.0023219399,.0012458464,,
-319,40630,9,40621,.0004181602979972,-.0017921416,.0026284622,,,39150,8,39142,-.0005612066335506,-.0023626722,.001240259,,
-318,40666,9,40657,.000344332686772,-.0018459277,.002534593,,,39185,8,39177,-.000610078787519,-.0024166154,.0011964578,,
-317,40702,9,40693,.0003323995319787,-.0018667949,.0025315939,,,39220,8,39212,-.000581318156834,-.0024474072,.0012847709,,
-316,40738,9,40729,.0003060052583896,-.001875115,.0024871253,,,39255,8,39247,-.0000130340407034,-.0020177532,.0019916852,,
-315,40774,9,40765,.0003635062883051,-.0018277313,.0025547438,,,39290,8,39282,-.0000535164975674,-.0021670591,.0020600262,,
-314,40810,9,40801,.000487234826143,-.0016203383,.0025948079,,,39325,8,39317,-.000141082325862,-.0022780744,.0019959097,,
-313,40846,9,40837,.000113930393913,-.0018623775,.0020902383,,,39360,8,39352,-.0001974001480517,-.0023548354,.0019600352,,
-312,40882,9,40873,-.0003502266318833,-.0021629643,.001462511,,,39395,8,39387,-.00025131967827,-.0024334928,.0019308534,,
-311,40918,9,40909,-.0004862391015808,-.0024624309,.0014899526,,,39430,8,39422,-.0002296520386544,-.0024240213,.0019647172,,
-310,40954,9,40945,-.0005819291511411,-.002720142,.0015562837,,,39465,8,39457,-.0004061732102745,-.002601722,.0017893756,,
-309,40990,9,40981,-.0007520649435675,-.0032277687,.0017236389,,,39500,8,39492,-.0008264747701753,-.0028595298,.0012065802,,
-308,41026,9,41017,-.0009378192436749,-.0034972958,.0016216572,,,39535,8,39527,-.0013899397813302,-.0034484703,.0006685906,,
-307,41062,9,41053,-.0007538508867629,-.0031453129,.0016376112,,,39570,8,39562,-.0013818321151226,-.003427315,.00066365086,,
-306,41098,9,41089,-.0007341715645242,-.0030575602,.001589217,,,39605,8,39597,-.0013913891746309,-.0034433359,.00066055747,,
-305,41134,9,41125,-.0009107577645667,-.0032905082,.0014689927,,,39640,8,39632,-.0013942286007115,-.0034596345,.00067117723,,
-304,41170,9,41161,-.0008806824819201,-.0032053327,.0014439677,,,39675,8,39667,-.0014159358581784,-.0035074053,.00067553361,,
-303,41206,9,41197,-.0008396139861354,-.0031056947,.0014264667,,,39710,8,39702,-.0014189362627521,-.0035181306,.00068025821,,
-302,41242,9,41233,-.0010664936234794,-.0033043341,.001171347,,,39745,8,39737,-.0011579878321172,-.0033246872,.0010087116,,
-301,41278,9,41269,-.0010803457648343,-.0032597354,.0010990439,,,39780,8,39772,-.0008659239268335,-.0031177176,.0013858698,,
-300,41314,9,41305,-.001187067766422,-.0034987351,.0011245997,,,39815,8,39807,-.0008258827273025,-.0030825119,.0014307464,,
-299,41350,9,41341,-.0012166931543492,-.0035053811,.0010719947,,,39850,8,39842,-.0007682411618646,-.0030275132,.0014910308,,
-298,41386,9,41377,-.0014795611796751,-.0035618078,.0006026855,,,39885,8,39877,-.0007093278837021,-.0029771286,.0015584729,,
-297,41422,9,41413,-.0014791218267759,-.0035137814,.00055553758,,,39920,8,39912,-.0006446031252189,-.0028946749,.0016054688,,
-296,41458,9,41449,-.0015140600725125,-.0036127896,.00058466947,,,39955,8,39947,-.0008470380795374,-.0030530242,.0013589481,,
-295,41494,9,41485,-.001666522135046,-.0038093803,.00047633608,,,39990,8,39982,-.0007442035897408,-.0028856725,.0013972654,,
-294,41530,9,41521,-.0017567458135065,-.0040058261,.00049233466,,,40025,8,40017,-.000636159265027,-.0028693264,.0015970079,,
-293,41566,9,41557,-.0017541185259354,-.0040517859,.00054354867,,,40060,8,40052,-.000567253311975,-.0027684872,.0016339807,,
-292,41602,9,41593,-.0015882275752758,-.0039894371,.0008129818,,,40095,8,40087,-.0005557201842441,-.0027068025,.001595362,,
-291,41638,9,41629,-.0017832878052334,-.0043087071,.00074213144,,,40130,8,40122,-.0005422596668309,-.0026551352,.0015706159,,
-290,41674,9,41665,-.0018334080797775,-.0043923426,.00072552625,,,40165,8,40157,-.0004147036412155,-.0026004286,.0017710214,,
-289,41710,9,41701,-.0017789432182869,-.0043483614,.00079047488,,,40200,8,40192,-.0004713144314835,-.0026570414,.0017144126,,
-288,41746,9,41737,-.0018885584165899,-.0044711092,.00069399248,,,40235,8,40227,-.0005082424248406,-.0029132534,.0018967686,,
-287,41782,9,41773,-.0018300322532138,-.004466699,.00080663449,,,40270,8,40262,-.0009553340071081,-.0032684996,.0013578318,,
-286,41818,9,41809,-.0016741164028058,-.0043567545,.0010085219,,,40305,8,40297,-.0009707493362718,-.0033175424,.0013760435,,
-285,41854,9,41845,-.0014124140843444,-.0041712089,.0013463806,,,40340,8,40332,-.0009220668881516,-.0033058119,.0014616781,,
-284,41890,9,41881,-.0008324699789549,-.0035696982,.0019047583,,,40375,8,40367,-.0008719130386883,-.0032945399,.0015507139,,
-283,41926,9,41917,-.0007280829578281,-.0033559564,.0018997904,,,40410,8,40402,-.0007658392082448,-.0032038409,.0016721624,,
-282,41962,9,41953,.0000612315979404,-.0035290017,.0036514648,,,40445,8,40437,-.0008262604734951,-.0032806145,.0016280934,,
-281,41998,9,41989,.0000347185289389,-.0027631824,.0028326195,,,40480,8,40472,-.0007686140702409,-.0025824732,.001045245,,
-280,42034,9,42025,-.0000736891978199,-.0019855595,.0018381811,,,40515,8,40507,-.0007198099001492,-.0024900807,.001050461,,
-279,42070,9,42061,.0000928717253248,-.0019683959,.0021541393,,,40550,8,40542,-.0005294612314094,-.0023374741,.0012785516,,
-278,42106,9,42097,.0002560997720088,-.001935341,.0024475406,,,40585,8,40577,-.0005263159598258,-.0022967211,.0012440892,,
-277,42142,9,42133,.0003839921995574,-.0020803763,.0028483607,,,40620,8,40612,-.0005226763204197,-.0022650033,.0012196506,,
-276,42178,9,42169,.0004009538889227,-.0018894685,.0026913763,,,40655,8,40647,-.0006999676883771,-.0023697177,.00096978236,,
-275,42214,9,42205,.0004103164966519,-.0018437572,.0026643903,,,40690,8,40682,-.0004326316679634,-.0022323646,.0013671012,,
-274,42250,9,42241,.0004997884055407,-.0017888107,.0027883875,,,40725,8,40717,-.0003053939385505,-.0025518441,.0019410562,,
-273,42286,9,42277,.0005563018166976,-.0017227936,.0028353971,,,40760,8,40752,-.0000592225848091,-.0024379743,.0023195292,,
-272,42322,9,42313,.0008345859805491,-.0013549337,.0030241057,,,40795,8,40787,.0001130396591618,-.0022710008,.0024970802,,
-271,42358,9,42349,.0007377750928253,-.0012364659,.002712016,,,40830,8,40822,.0001762471046975,-.0022305937,.0025830879,,
-270,42394,9,42385,.0006898116059673,-.0012592647,.0026388878,,,40865,8,40857,.0002389720027998,-.0022010088,.0026789526,,
-269,42430,9,42421,.0005708937833563,-.0012937805,.002435568,,,40900,8,40892,.0001720091103856,-.0024130708,.002757089,,
-268,42466,9,42457,.000475274092519,-.0013884713,.0023390194,,,40935,8,40927,-.0000558774921619,-.0023350492,.0022232942,,
-267,42502,9,42493,.0003664595283566,-.0013763938,.0021093129,,,40970,8,40962,-.0003149139816269,-.0023345377,.0017047097,,
-266,42538,9,42529,.0003647787004765,-.0012985747,.0020281321,,,41005,8,40997,-.0002604789710364,-.0023924876,.0018715297,,
-265,42574,9,42565,.0004131816799239,-.0013022515,.0021286148,,,41040,8,41032,-.0001567682237401,-.0022973961,.0019838596,,
-264,42610,9,42601,.0005467425772486,-.0010795486,.0021730338,,,41075,8,41067,-.0001325159642408,-.0022908137,.0020257817,,
-263,42646,9,42637,.0005096376353728,-.0010579185,.0020771937,,,41110,8,41102,-.0001067823722969,-.0022897837,.0020762188,,
-262,42682,9,42673,.0006120630346531,-.000964423,.0021885491,,,41145,8,41137,-.0000973335064593,-.0022685661,.0020738991,,
-261,42718,9,42709,.0006166317062736,-.00097696972,.0022102331,,,41180,8,41172,-.0002894723511962,-.0024768643,.0018979196,,
-260,42754,9,42745,.0005051456895665,-.0011642072,.0021744987,,,41215,8,41207,-.0001901047136384,-.0025133039,.0021330945,,
-259,42790,9,42781,.0004688690001411,-.0012286719,.00216641,,,41250,8,41242,-.0001247338258517,-.0024919405,.002242473,,
-258,42826,9,42817,.0004899429957847,-.001196544,.0021764301,,,41285,8,41277,.0000664779194457,-.0023606149,.0024935708,,
-257,42862,9,42853,.0006037433190992,-.0010596943,.0022671809,,,41320,8,41312,.0001144753678396,-.0024028546,.0026318054,,
-256,42898,9,42889,.0005536873120446,-.00099027902,.0020976537,,,41355,8,41347,.0001627140125077,-.0024460496,.0027714777,,
-255,42934,9,42925,.0005167185726697,-.00093291694,.001966354,,,41390,8,41382,.0006041221149559,-.0023117375,.0035199816,,
-254,42970,9,42961,.0005088073018831,-.0009808545,.001998469,,,41425,8,41417,.000437194602245,-.0023355521,.0032099413,,
-253,43006,9,42997,.0009263246661249,-.0011701412,.0030227904,,,41460,8,41452,.0001923675642577,-.0017330976,.0021178327,,
-252,43042,9,43033,.0009158720279671,-.0012087063,.0030404504,,,41495,8,41487,.0001324330973529,-.0016355509,.001900417,,
-251,43078,9,43069,.0010137274400806,-.0011315777,.0031590324,,,41530,8,41522,.0002974719090216,-.0015414889,.0021364328,,
-250,43114,9,43105,.0010803799061311,-.001032876,.0031936357,,,41565,8,41557,.0004652334408728,-.0014430324,.0023734993,,
-249,43150,9,43141,.0010021513573782,-.0009531253,.0029574281,,,41600,8,41592,.0006330466770554,-.0013521133,.0026182067,,
-248,43186,9,43177,.0010185093026818,-.00087033899,.0029073576,,,41635,8,41627,.0002443762937686,-.0013743949,.0018631474,,
-247,43222,9,43213,.0010341451256309,-.00084221858,.0029105088,,,41670,8,41662,.0003376860930456,-.0012145148,.001889887,,
-246,43258,9,43249,.0011692183069059,-.00085065089,.0031890876,,,41705,8,41697,.0013565183593026,-.00084996357,.0035630004,,
-245,43294,9,43285,.0011211099515572,-.00081563031,.0030578503,,,41740,8,41732,.0011780386329799,-.00090304302,.0032591203,,
-244,43330,9,43321,.0014075157035479,-.00066594587,.0034809774,,,41775,8,41767,.0012104659283951,-.00087114004,.0032920719,,
-243,43366,9,43357,.0014130004390697,-.00061425363,.0034402546,,,41810,8,41802,.0011821598633203,-.00087016652,.0032344863,,
-242,43402,9,43393,.0011982351503202,-.00065594114,.0030524114,,,41845,8,41837,.0011564216088054,-.00086762419,.0031804675,,
-241,43438,9,43429,.0012053607298447,-.00066518324,.0030759047,,,41880,8,41872,.0010900390479543,-.00092993362,.0031100118,,
-240,43474,9,43465,.0011760310879686,-.00071167527,.0030637374,,,41915,8,41907,.0009863827503195,-.00103992,.0030126856,,
-239,43510,9,43501,.0008509294886859,-.00088404102,.0025859,,,41950,8,41942,.000744252529737,-.0010951108,.0025836159,,
-238,43546,9,43537,.0007998144098474,-.001013192,.0026128208,,,41985,8,41977,.0005973217629795,-.00083894061,.0020335841,,
-237,43582,9,43573,.0009550738312765,-.0011385638,.0030487115,,,42020,8,42012,.0006634129132515,-.00074023014,.002067056,,
-236,43618,9,43609,.0010505948768149,-.0011152844,.0032164741,,,42055,8,42047,.0006436161312347,-.00077932107,.0020665533,,
-235,43654,9,43645,.0010967559528711,-.0012002764,.0033937884,,,42090,8,42082,.0006240368808542,-.00082951988,.0020775937,,
-234,43690,9,43681,.0009770621050463,-.0012737624,.0032278867,,,42125,8,42117,.000679608141935,-.0008446367,.0022038531,,
-233,43726,9,43717,.0008459817692407,-.0013704138,.0030623775,,,42160,8,42152,.0005162376435665,-.00094183296,.0019743082,,
-232,43762,9,43753,.0010759038295699,-.00099746406,.0031492717,,,42195,8,42187,.0008915618407129,-.00080767192,.0025907955,,
-231,43798,9,43789,.0010433960480222,-.00093739841,.0030241904,,,42230,8,42222,.0010919682646608,-.00072823942,.0029121761,,
-230,43834,9,43825,.0007993651575024,-.00098877365,.002587504,,,42265,8,42257,.0012030489644936,-.00067174394,.0030778418,,
-229,43870,9,43861,.0006700316777655,-.00071323809,.0020533015,,,42300,8,42292,.0010908445414974,-.00073624821,.0029179372,,
-228,43906,9,43897,.0006914087113017,-.0010288839,.0024117013,,,42335,8,42327,.0009796559422035,-.00080620561,.0027655174,,
-227,43942,9,43933,.0005902824522644,-.0010449382,.0022255031,,,42370,8,42362,.0008533792872512,-.00088290928,.0025896679,,
-226,43978,9,43969,.0004858520468362,-.0011455765,.0021172806,,,42405,8,42397,.0005446807492463,-.0010335598,.0021229212,,
-225,44014,9,44005,.0002145562277941,-.0013968698,.0018259822,,,42440,8,42432,.0004259616294041,-.0013344364,.0021863596,,
-224,44050,9,44041,.0000361486045137,-.001526272,.0015985693,,,42475,8,42467,.0005712980907659,-.0014459266,.0025885229,,
-223,44086,9,44077,-.000145599470633,-.0017547136,.0014635146,,,42510,8,42502,.00042600449494,-.0017194042,.0025714133,,
-222,44122,9,44113,-.0001692037438063,-.0017519839,.0014135764,,,42545,8,42537,.0003340142730363,-.0017693993,.0024374279,,
-221,44158,9,44149,-.0001323580553564,-.0015686513,.0013039352,,,42580,8,42572,.0002420495629597,-.0018209912,.0023050902,,
-220,44194,9,44185,-.0000462714738413,-.0014615338,.0013689909,,,42615,8,42607,-.0000231665313649,-.0020229856,.0019766525,,
-219,44230,9,44221,-.0001447200588269,-.0015927812,.001303341,,,42650,8,42642,-.0000527328192356,-.0020924255,.0019869597,,
-218,44266,9,44257,-.0001289176519589,-.0016981582,.0014403228,,,42685,8,42677,-.0000758221811389,-.0025752634,.0024236189,,
-217,44302,9,44293,-.0003097558349279,-.0017453649,.0011258532,,,42720,8,42712,-.0004250516867787,-.0026450981,.0017949947,,
-216,44338,9,44329,-.000550928198654,-.0020497828,.00094792648,,,42755,8,42747,-.0002996093461016,-.002443339,.0018441202,,
-215,44374,9,44365,-.0004865769296467,-.0019498252,.00097667135,,,42790,8,42782,-.0001451647254156,-.0022225559,.0019322264,,
-214,44410,9,44401,-.0006774425383817,-.0023467301,.00099184515,,,42825,8,42817,.0000108026948144,-.0020046709,.0020262762,,
-213,44446,9,44437,-.0004279259740551,-.0018452603,.00098940835,,,42860,8,42852,.0001241292613326,-.0017691293,.0020173879,,
-212,44482,9,44473,-.0003480106012993,-.0017224061,.0010263849,,,42895,8,42887,.0002433312390668,-.0015642762,.0020509388,,
-211,44518,9,44509,-.0004476947304003,-.0018942545,.00099886511,,,42930,8,42922,.0005880485456972,-.0013555888,.0025316859,,
-210,44554,9,44545,-.0003437603636562,-.0017810799,.0010935592,,,42965,8,42957,.00115790885847,-.0011916185,.0035074363,,
-209,44590,9,44581,-.0003307770347755,-.001849425,.001187871,,,43000,8,42992,.0012103953897068,-.0012049398,.0036257305,,
-208,44626,9,44617,-.000195161539768,-.0016790979,.0012887748,,,43035,8,43027,.0011491620394988,-.0013536752,.0036519992,,
-207,44662,9,44653,-.0000182649762186,-.0014734834,.0014369535,,,43070,8,43062,.0010897571358157,-.0015045778,.0036840921,,
-206,44698,9,44689,-.0000863729618159,-.0014958471,.0013231012,,,43105,8,43097,.0009991127617891,-.0016724286,.003670654,,
-205,44734,9,44725,-.0002376554891334,-.0015933091,.0011179982,,,43140,8,43132,.0007359498076542,-.0017271424,.0031990421,,
-204,44770,9,44761,-.0004148237539625,-.0019499008,.0011202532,,,43175,8,43167,.0012789609242269,-.0018316878,.0043896097,,
-203,44806,9,44797,-.0006010828426329,-.0019612352,.0007590694,,,43210,8,43202,.0014057085516412,-.0012125283,.0040239454,,
-202,44842,9,44833,-.0009668462016291,-.0024625524,.00052885985,,,43245,8,43237,.0015806340613948,-.00093801244,.0040992806,,
-201,44878,9,44869,-.001174855088605,-.002812586,.00046287576,,,43280,8,43272,.0015437018450626,-.00090651558,.0039939191,,
-200,44914,9,44905,-.0010371115956931,-.0026592324,.00058500923,,,43315,8,43307,.0015090464143194,-.000875559,.0038936518,,
-199,44950,9,44941,-.0010654676219238,-.0026907464,.00055981113,,,43350,8,43342,.0014621107343702,-.00086910796,.0037933295,,
-198,44986,9,44977,-.0009466505085932,-.0025141088,.00062080787,,,43385,8,43377,.0013318500000407,-.00088050473,.0035442046,,
-197,45022,9,45013,-.0007968346124233,-.0022813091,.00068763993,,,43420,8,43412,.0007409906849059,-.00095775211,.0024397334,,
-196,45058,9,45049,-.0008169147144507,-.0021378878,.00050405826,,,43455,8,43447,.0008899845302377,-.00066274108,.0024427101,,
-195,45094,9,45085,-.0008207731462369,-.002187592,.00054604578,,,43490,8,43482,.0012051582547843,-.00047957024,.0028898867,,
-194,45130,9,45121,-.0005240160826796,-.0019104929,.0008624607,,,43525,8,43517,.001234523261712,-.00051017769,.0029792243,,
-193,45166,9,45157,-.0003077902906818,-.0018048113,.0011892307,,,43560,8,43552,.0012667364471541,-.00055066549,.0030841383,,
-192,45202,9,45193,-.0001368963613864,-.0015721209,.0012983283,,,43595,8,43587,.0012234615491691,-.00063537067,.0030822938,,
-191,45238,9,45229,.0000660755579094,-.0014363783,.0015685294,,,43630,8,43622,.0013817494726922,-.00059690222,.0033604011,,
-190,45274,9,45265,-.0000605584748249,-.0016673378,.001546221,,,43665,8,43657,.0019707765034271,-.00064772414,.0045892773,,
-189,45310,9,45301,-3.13600881919e-06,-.0015949977,.0015887257,,,43700,8,43692,.0019774075818773,-.0007644557,.0047192709,,
-188,45346,9,45337,.0005890588984759,-.0013539273,.0025320451,,,43735,8,43727,.0020839565184269,-.0008376675,.0050055804,,
-187,45382,9,45373,.0004166195491469,-.0013523618,.0021856008,,,43770,8,43762,.0019780230408138,-.00083286816,.0047889142,,
-186,45418,9,45409,.0002109598527281,-.0019919996,.0024139192,,,43805,8,43797,.0018736333432926,-.00082971959,.0045769862,,
-185,45454,9,45445,.000207018174563,-.002070887,.0024849235,,,43840,8,43832,.0017178749317174,-.00087928656,.0043150363,,
-184,45490,9,45481,.0002202933211487,-.0021071981,.0025477847,,,43875,8,43867,.0015725136653114,-.0010126458,.0041576731,,
-183,45526,9,45517,.0000801129752873,-.0026025015,.0027627274,,,43910,8,43902,.0010198672017094,-.0016849242,.0037246586,,
-182,45562,9,45553,-.0002198916146784,-.0029016668,.0024618837,,,43945,8,43937,.0009529856543028,-.0019218904,.0038278617,,
-181,45598,9,45589,-.0002762787343384,-.0028161835,.0022636261,,,43980,8,43972,.0008817064056356,-.0020362192,.0037996322,,
-180,45634,9,45625,-.0002880295543586,-.0028589268,.0022828677,,,44015,8,44007,.0009809802401733,-.002040558,.0040025185,,
-179,45670,9,45661,-.0001780470152504,-.0026158728,.0022597788,,,44050,8,44042,.0010813050297535,-.0020453904,.0042080004,,
-178,45706,9,45697,-.0002287790838768,-.0026457291,.002188171,,,44085,8,44077,.001126685500578,-.0020258953,.0042792661,,
-177,45742,9,45733,-.0002015057530242,-.0025094543,.0021064428,,,44120,8,44112,.0010360048635063,-.0020060758,.0040780855,,
-176,45778,9,45769,-.0009548745430756,-.0030197103,.0011099612,,,44155,8,44147,.0004485279102156,-.0020615733,.002958629,,
-175,45814,9,45805,-.0006268908691677,-.0025502704,.0012964887,,,44190,8,44182,.0006918738518527,-.0017905773,.003174325,,
-174,45850,9,45841,-.0005521820582061,-.0025357136,.0014313494,,,44225,8,44217,.000975773457305,-.0014455733,.0033971202,,
-173,45886,9,45877,-.0005621610689459,-.0025758022,.00145148,,,44260,8,44252,.0011073161763378,-.0013337714,.0035484037,,
-172,45922,9,45913,-.0011616003289292,-.0041103745,.001787174,,,44295,8,44287,.0012396762445087,-.0012247363,.003704089,,
-171,45958,9,45949,-.0012877367389843,-.0043038307,.001728357,,,44330,8,44322,.0014478943330973,-.001045856,.0039416444,,
-170,45994,9,45985,-.0013958877557863,-.0044090366,.0016172611,,,44365,8,44357,.0013992574572424,-.0010088227,.0038073375,,
-169,46030,9,46021,-.0017811422030355,-.0048515135,.001289229,,,44400,8,44392,.0014748920007819,-.00068355922,.0036333431,,
-168,46066,9,46057,-.0019982134351494,-.0051090862,.0011126593,,,44435,8,44427,.0022283120638685,-.00071241078,.0051690349,,
-167,46102,9,46093,-.0019655373915669,-.0050977618,.0011666869,,,44470,8,44462,.0023446908976583,-.00066023029,.0053496119,,
-166,46138,9,46129,-.0019389392009714,-.005150714,.0012728354,,,44505,8,44497,.0023142190163461,-.00067547511,.0053039133,,
-165,46174,9,46165,-.0018347753241348,-.00513305,.0014634996,,,44540,8,44532,.0022837116955909,-.00069369498,.0052611185,,
-164,46210,9,46201,-.0018185025367773,-.0051939883,.001556983,,,44575,8,44567,.0023185012250772,-.00080285943,.0054398617,,
-163,46246,9,46237,-.0017376574551719,-.0050104363,.0015351215,,,44610,8,44602,.002153390320849,-.00098961638,.005296397,,
-162,46282,9,46273,-.0018376547066712,-.0050383769,.0013630675,,,44645,8,44637,.0026989412297485,-.00020567054,.0056035528,,
-161,46318,9,46309,-.0019101206129843,-.0049999123,.0011796713,,,44680,8,44672,.0025986171391539,-.00026244088,.0054596751,,
-160,46354,9,46345,-.0018454938024607,-.0052128993,.0015219116,,,44715,8,44707,.0025310105011595,-.00022474794,.005286769,,
-159,46390,9,46381,-.0017345571678885,-.0050865253,.0016174109,,,44750,8,44742,.0024089088584665,-.00023493504,.0050527528,,
-158,46426,9,46417,-.0018240735931555,-.0053519644,.0017038172,,,44785,8,44777,.0022885755326213,-.00024630959,.0048234607,,
-157,46462,9,46453,-.0017841131343408,-.0050958856,.0015276592,,,44820,8,44812,.0020734364412968,-.00043260903,.0045794821,,
-156,46498,9,46489,-.0018550351830073,-.0049995058,.0012894353,,,44855,8,44847,.0018993157295537,-.00048292577,.0042815572,,
-155,46534,9,46525,-.0020009609580785,-.0050118123,.0010098902,,,44890,8,44882,.0024208508451918,-.00065595587,.0054976577,,
-154,46570,9,46561,-.0021239552323627,-.0050634388,.00081552821,,,44925,8,44917,.0019406305486307,-.00099219661,.0048734578,,
-153,46606,9,46597,-.0021267165505572,-.0051030633,.00084963022,,,44960,8,44952,.0018634814654841,-.00087649305,.0046034562,,
-152,46642,9,46633,-.0022650749773304,-.0052178325,.00068768236,,,44995,8,44987,.0018509254980113,-.00084319792,.0045450488,,
-151,46678,9,46669,-.0024336222936464,-.0056748986,.00080765405,,,45030,8,45022,.0018395309940832,-.00081152481,.0044905869,,
-150,46714,9,46705,-.0025858300023366,-.0059432564,.00077159662,,,45065,8,45057,.0017699884625895,-.00087714638,.0044171233,,
-149,46750,9,46741,-.0026403791504206,-.006073093,.00079233461,,,45100,8,45092,.001357664171412,-.0011890572,.0039043857,,
-148,46786,9,46777,-.0030854919375995,-.0067609814,.00058999751,,,45135,8,45127,.0015074398931513,-.0014073,.0044221799,,
-147,46822,9,46813,-.0033836153368512,-.0071508223,.0003835916,,,45170,8,45162,.0016589716215052,-.0010408006,.0043587438,,
-146,46858,9,46849,-.0031464089984741,-.0072164969,.0009236788,,,45205,8,45197,.0015765865562184,-.0010546935,.0042078667,,
-145,46894,9,46885,-.0029296668694092,-.0069664521,.0011071186,,,45240,8,45232,.0014899141043624,-.001101442,.0040812702,,
-144,46930,9,46921,-.0028761252196426,-.0068327482,.0010804979,,,45275,8,45267,.0014061286963368,-.0011605918,.0039728493,,
-143,46966,9,46957,-.0027482220791281,-.0066926037,.0011961594,,,45310,8,45302,.0013558150926279,-.0011154179,.0038270482,,
-142,47002,9,46993,-.0026256118985056,-.0064923274,.0012411035,,,45345,8,45337,.0014257933771338,-.0012251824,.0040767691,,
-141,47038,9,47029,-.0024029990815994,-.0061677825,.0013617843,,,45380,8,45372,.0013269174758497,-.00078345445,.0034372895,,
-140,47074,9,47065,-.0023009238166283,-.005996698,.0013948506,,,45415,8,45407,.0013899353698998,-.00051691051,.0032967813,,
-139,47110,9,47101,-.0021267479623243,-.0057905256,.0015370297,,,45450,8,45442,.0013196665971849,-.00051489106,.0031542243,,
-138,47146,9,47137,-.0020765257527462,-.0056071798,.0014541284,,,45485,8,45477,.0013260039850774,-.00041694217,.00306895,,
-137,47182,9,47173,-.0022007053058478,-.0058005215,.0013991107,,,45520,8,45512,.0013339200307677,-.0003223496,.0029901897,,
-136,47218,9,47209,-.0023111955751519,-.0059995158,.0013771247,,,45555,8,45547,.0013048991303302,-.00031881323,.0029286116,,
-135,47254,9,47245,-.0023370035726348,-.0058757067,.0012016997,,,45590,8,45582,.0011087625877857,-.00050111115,.0027186363,,
-134,47290,9,47281,-.002092959022907,-.0055420855,.0013561674,,,45625,8,45617,.0008554343698933,-.0003367773,.0020476461,,
-133,47326,9,47317,-.0020759758155738,-.0054952255,.0013432738,,,45660,8,45652,.0006366284252275,-.00056702091,.0018402778,,
-132,47362,9,47353,-.0020150851721901,-.0055689327,.0015387624,,,45695,8,45687,.0009343256585171,-.00052884629,.0023974977,,
-131,47398,9,47389,-.0020591379715172,-.0054631573,.0013448816,,,45730,8,45722,.0009183763790414,-.00050428708,.0023410399,,
-130,47434,9,47425,-.0019877661634614,-.0053632418,.0013877095,,,45765,8,45757,.0009034412906999,-.00048826687,.0022951495,,
-129,47470,9,47461,-.0019222275872003,-.0052905306,.0014460753,,,45800,8,45792,.0008006087840108,-.00059913495,.0022003525,,
-128,47506,9,47497,-.0017483967920937,-.0049813832,.0014845895,,,45835,8,45827,.000615897808785,-.00088208937,.002113885,,
-127,47542,9,47533,-.0017054215119626,-.0049387789,.0015279361,,,45870,8,45862,.0004928978273617,-.00086362829,.001849424,,
-126,47578,9,47569,-.0017851883258675,-.0048333793,.0012630026,,,45905,8,45897,.0000690598909537,-.0015506787,.0016887985,,
-125,47614,9,47605,-.0016256504473009,-.0045274426,.0012761416,,,45940,8,45932,.000241489589419,-.0014342942,.0019172734,,
-124,47650,9,47641,-.0013628714832432,-.0042276778,.0015019347,,,45975,8,45967,.0003682237545651,-.0012786884,.0020151359,,
-123,47686,9,47677,-.001225077017569,-.0042831348,.0018329805,,,46010,8,46002,.0004963813446538,-.0011309061,.0021236688,,
-122,47722,9,47713,-.0009752544347698,-.0042261197,.0022756108,,,46045,8,46037,.0005051292023388,-.0011052658,.0021155241,,
-121,47758,9,47749,-.000827559592756,-.0041957083,.0025405893,,,46080,8,46072,.0002072871983631,-.0014118978,.0018264721,,
-120,47794,9,47785,-.0007186332777898,-.0040808907,.0026436243,,,46115,8,46107,.0000800111315976,-.0014281259,.0015881481,,
-119,47830,9,47821,-.0009994090015136,-.0040770741,.0020782561,,,46150,8,46142,-.0005066512883515,-.0019209383,.00090763567,,
-118,47866,9,47857,-.000763592360378,-.0040712124,.0025440278,,,46185,8,46177,-.0001676088747874,-.0016850089,.0013497912,,
-117,47902,9,47893,-.0006919198433578,-.0039901789,.0026063395,,,46220,8,46212,-.0003352310524896,-.0016866502,.0010161881,,
-116,47938,9,47929,-.0008349243199083,-.0042338148,.002563966,,,46255,8,46247,-.0005183125633636,-.0018849525,.00084832741,,
-115,47974,9,47965,-.0008820010472784,-.00425376,.0024897577,,,46290,8,46282,-.0006538466931437,-.0021372947,.00082960125,,
-114,48010,9,48001,-.0009110781293897,-.0041658692,.0023437131,,,46325,8,46317,-.0007111089864071,-.0022956184,.00087340048,,
-113,48046,9,48037,-.0014984898937788,-.0050464403,.0020494605,,,46360,8,46352,-.0008224339279348,-.0024702603,.00082539232,,
-112,48082,9,48073,-.0015636732219319,-.0050227903,.001895444,,,46395,8,46387,-.0005650111107835,-.0020080633,.00087804109,,
-111,48118,9,48109,-.0015767279542339,-.0047987662,.0016453103,,,46430,8,46422,-.0005169059889317,-.0019444674,.00091065542,,
-110,48154,9,48145,-.0012933112796703,-.00431119,.0017245673,,,46465,8,46457,-.0004371444535617,-.0018760493,.0010017605,,
-109,48190,9,48181,-.00125817567318,-.004044313,.0015279618,,,46500,8,46492,-.0003547032414957,-.0018119734,.001102567,,
-108,48226,9,48217,-.0013551830432267,-.0040727425,.0013623766,,,46535,8,46527,-.0003081487747511,-.0018334053,.0012171079,,
-107,48262,9,48253,-.0012044810998717,-.0036735253,.0012645629,,,46570,8,46562,-.0003690351898385,-.0019367764,.0011987061,,
-106,48298,9,48289,-.0007355640355488,-.0029541224,.0014829943,,,46605,8,46597,.000234059774801,-.0011095811,.0015777006,,
-105,48334,9,48325,-.0005963375365303,-.0027290403,.0015363652,,,46640,8,46632,.0005723434950937,-.00070891093,.0018535979,,
-104,48370,9,48361,-.0005829724389454,-.0028096731,.0016437281,,,46675,8,46667,.0006428658642561,-.00052072981,.0018064616,,
-103,48406,9,48397,-.0005040015436585,-.0027968173,.0017888141,,,46710,8,46702,.0006387694687606,-.0004471679,.0017247068,,
-102,48442,9,48433,-.0006768691242977,-.0028967655,.0015430272,,,46745,8,46737,.0006365897795112,-.00038630076,.0016594803,,
-101,48478,9,48469,-.0009245219511274,-.0031515339,.0013024901,,,46780,8,46772,.0006730077801962,-.00034168159,.0016876971,,
-100,48514,9,48505,-.0010789072052524,-.0032733234,.001115509,,,46815,8,46807,.000640692057011,-.00031516925,.0015965534,,
-99,48550,9,48541,-.0014236731838068,-.0036622775,.00081493106,,,46850,8,46842,.0007406125911933,.000014816432,.0014664087,,
-98,48586,9,48577,-.0017087480936974,-.0039859451,.00056844874,,,46885,8,46877,.0007236600977988,-.000077588178,.0015249084,,
-97,48622,9,48613,-.0019673420506072,-.0039761434,.000041459316,,,46920,8,46912,.0008331607567689,.000075544165,.0015907773,,
-96,48658,9,48649,-.0019780106850426,-.0039630081,6.9865928e-06,,,46955,8,46947,.0009278617987351,.00021285923,.0016428643,,
-95,48694,9,48685,-.0019515005470008,-.0039332397,.000030238427,,,46990,8,46982,.0010227837794544,.00030720231,.0017383653,,
-94,48730,9,48721,-.0020618914424224,-.0040214295,-.00010235361,,,47025,8,47017,.0010007998542452,.00029173004,.0017098697,,
-93,48766,9,48757,-.0020344566772467,-.0039530764,-.00011583679,,,47060,8,47052,.0007665146034988,-.00011081018,.0016438394,,
-92,48802,9,48793,-.0016995491853407,-.003261684,-.00013741432,,,47095,8,47087,.0008962289238878,.00021965354,.0015728043,,
-91,48838,9,48829,-.0014631610958702,-.0030224258,.000096103664,,,47130,8,47122,.0001266422905475,-.00071483816,.00096812274,,
-90,48874,9,48865,-.0013016121118839,-.0029337581,.00033053389,,,47165,8,47157,.0001422439242352,-.00066190283,.00094639068,,
-89,48910,9,48901,-.0010444223366513,-.0025904272,.00050158257,,,47200,8,47192,.00023793291303,-.00048163038,.00095749623,,
-88,48946,9,48937,-.0008168007694697,-.0023809231,.00074732164,,,47235,8,47227,.0003356595113224,-.00034393792,.001015257,,
-87,48982,9,48973,-.000771134845252,-.002183835,.00064156542,,,47270,8,47262,.0003295638310432,-.00036428915,.0010234168,,
-86,49018,9,49009,-.0005675604090983,-.0018736416,.00073852082,,,47305,8,47297,.0002528868579647,-.00049565115,.0010014249,,
-85,49054,9,49045,-.0004024637403322,-.0015572042,.00075227662,,,47340,8,47332,.0001806282084922,-.00075056974,.0011118262,,
-84,49090,9,49081,-.0002089596200567,-.0015014987,.0010835795,,,47375,8,47367,-.0005250413655881,-.0016421775,.00059209479,,
-83,49126,9,49117,-.0000646419787569,-.0014491186,.0013198346,,,47410,8,47402,-.0007744429452141,-.0020051869,.00045630106,,
-82,49162,9,49153,.000093114599563,-.0014468743,.0016331036,,,47445,8,47437,-.0007966158959342,-.002061151,.00046791913,,
-81,49198,9,49189,.0003181981389816,-.0015601225,.0021965187,,,47480,8,47472,-.0008159751853886,-.0021228974,.0004909471,,
-80,49234,9,49225,.0003433109923278,-.0015734207,.0022600428,,,47515,8,47507,-.0008669370521945,-.0022198269,.0004859528,,
-79,49270,9,49261,.0003360449465195,-.00164182,.0023139098,,,47550,8,47542,-.0010155428933893,-.0024530506,.00042196485,,
-78,49306,9,49297,.00026642523602,-.0017543426,.002287193,,,47585,8,47577,-.0008738138627345,-.0019581418,.00021051406,,
-77,49342,9,49333,.0003162838402795,-.0014945518,.0021271196,,,47620,8,47612,-.0006791146197789,-.0017664828,.00040825357,,
-76,49378,9,49369,.0003795815601363,-.0012447019,.0020038651,,,47655,8,47647,-.0004532362271943,-.0014663771,.00055990461,,
-75,49414,9,49405,.0003744211044383,-.0011738943,.0019227364,,,47690,8,47682,-.0003544582488423,-.0013290216,.00062010519,,
-74,49450,9,49441,-.0000526237722757,-.0010700685,.00096482091,,,47725,8,47717,-.0002566645087398,-.0012421716,.00072884257,,
-73,49486,9,49477,-.0000498208771455,-.0010769427,.00097730092,,,47760,8,47752,-.0002336219224616,-.0010921592,.00062491535,,
-72,49522,9,49513,-.0000712384598607,-.0010838691,.00094139227,,,47795,8,47787,-.0002643602914087,-.0011175702,.00058884959,,
-71,49558,9,49549,.0001871518382822,-.001038412,.0014127156,,,47830,8,47822,.0000259581098931,-.00090742006,.00095933623,,
-70,49594,9,49585,.0002026603026529,-.00090036215,.0013056828,,,47865,8,47857,-.0008699100052352,-.0022656324,.00052581227,,
-69,49630,9,49621,.0009249119085138,.00013308972,.0017167341,,,47900,8,47892,-.000994341204187,-.00224851,.00025982753,,
-68,49666,9,49657,.0008240684412356,.000027158327,.0016209786,,,47935,8,47927,-.00103113372058,-.0022041891,.00014192163,,
-67,49702,9,49693,.0009317309586039,-.000012421377,.0018758833,,,47970,8,47962,-.0010654954618148,-.0021668898,.000035898818,,
-66,49738,9,49729,.0008335067184773,-.00013393709,.0018009505,,,48005,8,47997,-.001012386104155,-.002212726,.00018795388,,
-65,49774,9,49765,.0006944977885439,-.00025830447,.0016473001,,,48040,8,48032,-.0014358012169085,-.002865423,-6.1794130e-06,,
-64,49810,9,49801,.0007543332994268,-.00037325951,.0018819261,,,48075,8,48067,-.0011614787669181,-.0024048856,.000081928039,,
-63,49846,9,49837,.000407126209888,-.00066095224,.0014752046,,,48110,8,48102,-.0009560358183321,-.0018351446,-.000076927063,,
-62,49882,9,49873,.0007742160809544,-.00019038653,.0017388187,,,48145,8,48137,-.0009803627430056,-.0018499056,-.00011081994,,
-61,49918,9,49909,.0004735921022231,-.00042811988,.0013753041,,,48180,8,48172,-.0010029181005661,-.0018743121,-.0001315241,,
-60,49954,9,49945,.0003455064564012,-.00057786575,.0012688787,,,48215,8,48207,-.0010227405910312,-.001906861,-.00013862026,,
-59,49990,9,49981,.0002224699006486,-.00072739494,.0011723348,,,48250,8,48242,-.0010426252668112,-.0019832044,-.00010204611,,
-58,50026,9,50017,.0000805653505669,-.000914965,.0010760957,,,48285,8,48277,-.0011051265289275,-.0021301818,-.000080071259,,
-57,50062,9,50053,.0003359716040105,-.00083679555,.0015087387,,,48320,8,48312,-.001339603120932,-.0023292257,-.00034998055,,
-56,50098,9,50089,.0003799985881158,-.00074537197,.0015053691,,,48355,8,48347,-.0003370772439009,-.0013049927,.00063083827,,
-55,50134,9,50125,.0005254336939,-.00055017206,.0016010394,,,48390,8,48382,-.0005227772571267,-.0015262854,.0004807309,,
-54,50170,9,50161,.0005960645096277,-.000472218,.001664347,,,48425,8,48417,-.0006790295634374,-.0016145386,.00025647943,,
-53,50206,9,50197,.000744975945671,-.00057044841,.0020604003,,,48460,8,48452,-.0008042845991135,-.0016878939,.000079324716,,
-52,50242,9,50233,.0006334309624668,-.00069510995,.0019619719,,,48495,8,48487,-.0010099378756533,-.0019257322,-.000094143514,,
-51,50278,9,50269,.0005494013802309,-.00081544992,.0019142526,,,48530,8,48522,-.0012631948546971,-.0022871816,-.00023920818,,
-50,50314,9,50305,.0003112709558173,-.00081511657,.0014376584,,,48565,8,48557,-.0012997043375831,-.0023351023,-.00026430632,,
-49,50350,9,50341,.0002502723850022,-.00086154824,.001362093,,,48600,8,48592,-.0003785823526124,-.0013937351,.00063657033,,
-48,50386,9,50377,.0002265904572488,-.00091434194,.0013675229,,,48635,8,48627,-.0000846166232014,-.0010250687,.0008558355,,
-47,50422,9,50413,.0000732923654115,-.0012079469,.0013545317,,,48670,8,48662,-.0001463761472659,-.0011212936,.00082854141,,
-46,50458,9,50449,.0000135629085183,-.0012913599,.0013184857,,,48705,8,48697,-.000204901451107,-.0012351458,.00082534301,,
-45,50494,9,50485,1.94234866992e-06,-.0012940895,.0012979743,,,48740,8,48732,-.0003018264118574,-.0013142423,.0007105894,,
-44,50530,9,50521,.0001297533696972,-.0010735564,.001333063,,,48775,8,48767,-.0003362916734718,-.0014136449,.00074106152,,
-43,50566,9,50557,.0006448709698265,-.00083268736,.0021224292,,,48810,8,48802,3.25803793473e-06,-.0011120579,.0011185739,,
-42,50602,9,50593,.0009625185305253,-.0010640032,.0029890402,,,48845,8,48837,.0001735881096155,-.0010738685,.0014210447,,
-41,50638,9,50629,.0009226576709316,-.0011962723,.0030415875,,,48880,8,48872,.0002559726700453,-.00080697954,.0013189248,,
-40,50674,9,50665,.0009234959315412,-.0012132627,.0030602545,,,48915,8,48907,.0002027238229245,-.00076573243,.00117118,,
-39,50710,9,50701,.0009377475268059,-.0011045076,.0029800027,,,48950,8,48942,.0001553928684154,-.00072911684,.0010399026,,
-38,50746,9,50737,.0006474338050449,-.00095426053,.0022491282,,,48985,8,48977,-.0000839957334072,-.0009441509,.00077615946,,
-37,50782,9,50773,.0005443417390791,-.00099258765,.0020812713,,,49020,8,49012,-.000241353733267,-.0011131808,.00063047325,,
-36,50818,9,50809,.0007147170187736,-.0012966304,.0027260643,,,49055,8,49047,-.0001353597167691,-.00096857169,.00069785223,,
-35,50854,9,50845,.0005530068778643,-.0013403201,.0024463339,,,49090,8,49082,.0001178444517679,-.00073410833,.0009697972,,
-34,50890,9,50881,.0005001517647682,-.0012999336,.0023002371,,,49125,8,49117,.0002236178695637,-.00065014459,.0010973803,,
-33,50926,9,50917,.0005254748814566,-.0011924433,.0022433931,,,49160,8,49152,.0002547268765044,-.00058057031,.001090024,,
-32,50962,9,50953,.0006434695232267,-.001119883,.0024068221,,,49195,8,49187,.0002870311100666,-.00051676598,.0010908282,,
-31,50998,9,50989,.000770635844795,-.001070926,.0026121978,,,49230,8,49222,.0001358647568686,-.00056458806,.0008363176,,
-30,51034,9,51025,.0009313096998926,-.0010508255,.002913445,,,49265,8,49257,.0001700671961392,-.00063598057,.000976115,,
-29,51070,9,51061,.001083976338022,-.0010703469,.0032382996,,,49300,8,49292,.0000348073318662,-.0020209819,.0020905966,,
-28,51106,9,51097,.0010203747247696,-.0010921297,.0031328793,,,49335,8,49327,.000753863082443,-.00072481466,.0022325409,,
-27,51142,9,51133,.0008609363956202,-.0011545874,.0028764601,,,49370,8,49362,.000713761004307,-.00074172526,.0021692473,,
-26,51178,9,51169,.0008398136872257,-.0010816633,.0027612906,,,49405,8,49397,.0006296242479042,-.00086836668,.0021276153,,
-25,51214,9,51205,.0004679052274831,-.0014898455,.002425656,,,49440,8,49432,.0005485900634577,-.00099711947,.0020942995,,
-24,51250,9,51241,.000441685011569,-.0016381033,.0025214732,,,49475,8,49467,.0005476958421978,-.00098973559,.0020851274,,
-23,51286,9,51277,.0003242266947974,-.001877918,.0025263715,,,49510,8,49502,.0003355998911797,-.0011309092,.0018021089,,
-22,51322,9,51313,.000978159696881,-.0010789051,.0030352245,,,49545,8,49537,.0001451682547648,-.0012451931,.0015355296,,
-21,51358,9,51349,.0009798655284268,-.0010328129,.0029925439,,,49580,8,49572,.0006529924101444,-.0011334633,.0024394481,,
-20,51394,9,51385,.0007662601171646,-.0013790628,.0029115831,,,49615,8,49607,.0005634683910034,-.0011245121,.0022514488,,
-19,51430,9,51421,.000777886434424,-.0014231198,.0029788925,,,49650,8,49642,.0005423888506001,-.001076725,.0021615026,,
-18,51466,9,51457,.0008270258278488,-.0013559962,.0030100478,,,49685,8,49677,.0005215010964512,-.0010338051,.0020768072,,
-17,51502,9,51493,.0007257405593887,-.0013606377,.0028121187,,,49720,8,49712,.0001953667558569,-.001233337,.0016240705,,
-16,51538,9,51529,.0005986988549581,-.0014031664,.0026005642,,,49755,8,49747,.0002866366965909,-.0012581507,.0018314241,,
-15,51574,9,51565,.0005492014026295,-.0018537444,.002952147,,,49790,8,49782,.0005915514971282,-.00085134845,.0020344513,,
-14,51610,9,51601,.0006739923506134,-.0017814956,.0031294804,,,49825,8,49817,.0008879028985433,-.00063810917,.002413915,,
-13,51646,9,51637,.0005202231444299,-.0017882428,.0028286891,,,49860,8,49852,.0010344615570276,-.00056287891,.0026318021,,
-12,51682,9,51673,.0006790742705445,-.0014981169,.0028562653,,,49895,8,49887,.0010690175946828,-.00052736903,.0026654042,,
-11,51718,9,51709,.0006930349084631,-.001472727,.0028587969,,,49930,8,49922,.0011059356404983,-.00049674197,.0027086132,,
-10,51754,9,51745,.0005903268779471,-.0012567468,.0024374006,,,49965,8,49957,.0009112887315672,-.00068605016,.0025086277,,
-9,51790,9,51781,.0005973670200378,-.0012355334,.0024302674,,,50000,8,49992,.0006894622022853,-.00086262962,.002241554,,
-8,51826,9,51817,.0005940644681221,-.0012429674,.0024310965,,,50035,8,50027,.0004703636397766,-.0010765544,.0020172817,,
-7,51862,9,51853,.0006574392314322,-.001121912,.0024367904,,,50070,8,50062,.0011237764742929,-.00072270317,.0029702561,,
-6,51898,9,51889,.0001233324733409,-.0018910487,.0021377136,,,50105,8,50097,.0012896486394974,-.00052022195,.0030995193,,
-5,51934,9,51925,.0002059911176626,-.0017305374,.0021425197,,,50140,8,50132,.0013502214371902,-.00043954101,.0031399839,,
-4,51970,9,51961,.0002191900512129,-.0018812416,.0023196216,,,50175,8,50167,.0014153915116043,-.00036077073,.0031915538,,
-3,52006,9,51997,.0001341446720748,-.0015923056,.0018605948,,,50210,8,50202,.001501673802672,-.00026079945,.0032641471,,
-2,52042,9,52033,.0001558724961574,-.0015053569,.0018171018,,,50245,8,50237,.0015304879042944,-.00025817376,.0033191496,,
-1,52078,9,52069,.0001270652458398,-.0015163369,.0017704674,,,50280,8,50272,.0011396032964991,-.00058776699,.0028669736,,
0,52078,9,52069,.0000428695569226,-.0014945242,.0015802634,1,1,50280,8,50272,.0012292222713464,-.00050139963,.0029598442,1,1
1,52042,9,52033,.0004186171235317,-.0012446672,.0020819015,2,2,50245,8,50237,.0010247308277369,-.0005761846,.0026256463,2,2
2,52006,9,51997,.0005392777324531,-.0011724749,.0022510304,3,3,50210,8,50202,.0009304324947581,-.00061109953,.0024719646,3,3
3,51970,9,51961,.0006862682287691,-.0011827528,.0025552893,4,4,50175,8,50167,.0008397690447486,-.00066427968,.0023438178,4,4
4,51934,9,51925,.0006638462181788,-.0012545091,.0025822015,5,5,50140,8,50132,.0012110982495982,-.00028206667,.0027042632,5,5
5,51898,9,51889,.0007254009036204,-.0012804144,.0027312161,6,6,50105,8,50097,.0009777068374089,-.00053384778,.0024892616,6,6
6,51862,9,51853,.0007668961903886,-.0012847648,.0028185572,7,7,50070,8,50062,.0011195876510006,-.00037163091,.0026108061,7,7
7,51826,9,51817,.0010256066861744,-.0011989281,.0032501414,8,8,50035,8,50027,.001111978956936,-.00066355377,.0028875116,8,8
8,51790,9,51781,.0012224226375874,-.00095729186,.0034021372,9,9,50000,8,49992,.0011966859867127,-.00044917112,.0028425432,9,9
9,51754,9,51745,.0013190772282561,-.00091664062,.0035547952,10,10,49965,8,49957,.00112879659719,-.00043545812,.0026930512,10,10
10,51718,9,51709,.0017303538308473,-.0011870211,.0046477285,11,11,49930,8,49922,.0010610977259886,-.00045066854,.0025728641,11,11
11,51682,9,51673,.0015207102867809,-.0013350934,.0043765139,12,12,49895,8,49887,.0009662362462817,-.00051227864,.0024447511,12,12
12,51646,9,51637,.0013116646841246,-.0015378277,.0041611572,13,13,49860,8,49852,.000825928201826,-.00073956081,.0023914173,13,13
13,51610,9,51601,.0013831114554897,-.0016122699,.0043784929,14,14,49825,8,49817,.000713116389269,-.0010535242,.0024797569,14,14
14,51574,9,51565,.0017187144849748,-.0014910774,.0049285064,15,15,49790,8,49782,.0007311626465684,-.00086788292,.0023302082,15,15
15,51538,9,51529,.0016238309006173,-.0016669023,.0049145641,16,16,49755,8,49747,.0005812564452171,-.0010206966,.0021832094,16,16
16,51502,9,51493,.0015095199888398,-.0017425646,.0047616046,17,17,49720,8,49712,.000556221475678,-.0010362598,.0021487027,17,17
17,51466,9,51457,.0014136035776288,-.001613118,.0044403253,18,18,49685,8,49677,.0005301586748053,-.001056429,.0021167463,18,18
18,51430,9,51421,.0014881250501053,-.0015712202,.0045474702,19,19,49650,8,49642,.0002254041292664,-.0013686894,.0018194976,19,19
19,51394,9,51385,.0015435516305599,-.0014679859,.0045550894,20,20,49615,8,49607,.0000240143429788,-.0015173104,.0015653392,20,20
20,51358,9,51349,.0017675528145085,-.0015816877,.0051167933,21,21,49580,8,49572,.0005795989397934,-.0010573965,.0022165945,21,21
21,51322,9,51313,.0018238801795357,-.0014498997,.0050976602,22,22,49545,8,49537,.0005219906034376,-.0012073679,.0022513492,22,22
22,51286,9,51277,.0019346193343722,-.001278116,.0051473547,23,23,49510,8,49502,.0005407255216926,-.0011715493,.0022530004,23,23
23,51250,9,51241,.0021391888233073,-.0010821179,.0053604958,24,24,49475,8,49467,.0005607487272116,-.0011389614,.0022604589,24,24
24,51214,9,51205,.002052118172541,-.00095987477,.0050641112,25,25,49440,8,49432,.0005827954009571,-.00110982,.0022754108,25,25
25,51178,9,51169,.0018522236787948,-.00090773759,.0046121851,26,26,49405,8,49397,.0006271544621755,-.0010612763,.0023155853,26,26
26,51142,9,51133,.0017423092510301,-.00090675446,.0043913731,27,27,49370,8,49362,.0005689154327625,-.0011808682,.0023186991,27,27
27,51106,9,51097,.0016020423348667,-.0011259337,.0043300185,28,28,49335,8,49327,.0007788070324369,-.00091154972,.0024691639,28,28
28,51070,9,51061,.0015432060791455,-.0012782378,.0043646498,29,29,49300,8,49292,.0009284609962475,-.00068734208,.0025442641,29,29
29,51034,9,51025,.0015146800688922,-.001054214,.0040835743,30,30,49265,8,49257,-.0002882573880209,-.0019254885,.0013489736,30,30
30,50998,9,50989,.0012591038488038,-.0014651013,.003983309,31,31,49230,8,49222,.0000821334351068,-.0014457388,.0016100057,31,31
31,50962,9,50953,.0006759137888531,-.0020277435,.0033795713,32,32,49195,8,49187,.0004960896123274,-.0011124517,.0021046309,32,32
32,50926,9,50917,.0003409413012117,-.0024588376,.0031407201,33,33,49160,8,49152,.0001069492683968,-.0014553817,.0016692803,33,33
33,50890,9,50881,.0000430367665712,-.0029533498,.0030394234,34,34,49125,8,49117,.0001417037466015,-.001331315,.0016147225,34,34
34,50854,9,50845,-.000494284298379,-.0035469579,.0025583892,35,35,49090,8,49082,.0001574353584435,-.0012891613,.001604032,35,35
35,50818,9,50809,-.0008358146275561,-.0040225629,.0023509338,36,36,49055,8,49047,-.0001844656769775,-.0018361447,.0014672133,36,36
36,50782,9,50773,-.0009610806688726,-.00413993,.0022177687,37,37,49020,8,49012,-.000138832129657,-.0019079866,.0016303223,37,37
37,50746,9,50737,-.0011442357076118,-.0043890066,.0021005354,38,38,48985,8,48977,.0000205571851506,-.0016732611,.0017143755,38,38
38,50710,9,50701,-.0012991627283751,-.0045940136,.0019956883,39,39,48950,8,48942,.0001817049586722,-.0014464551,.0018098651,39,39
39,50674,9,50665,-.0015560884933191,-.0048802053,.0017680282,40,40,48915,8,48907,.0003476224720421,-.0012255335,.0019207784,40,40
40,50638,9,50629,-.001735671742413,-.0051803514,.0017090078,41,41,48880,8,48872,-.0002323238251417,-.0024825982,.0020179504,41,41
41,50602,9,50593,-.0015119068954668,-.0053661955,.0023423815,42,42,48845,8,48837,-.0011859898583894,-.0041005327,.0017285531,42,42
42,50566,9,50557,-.0015080794605056,-.0053577428,.0023415836,43,43,48810,8,48802,-.0007917626367963,-.0030495592,.001466034,43,43
43,50530,9,50521,-.0013577093371551,-.0051951339,.0024797153,44,44,48775,8,48767,-.0008655077014236,-.0031422391,.0014112238,44,44
44,50494,9,50485,-.0012534457612614,-.0051461961,.0026393044,45,45,48740,8,48732,-.0008627668432785,-.0031041654,.0013786317,45,45
45,50458,9,50449,-.001057786089961,-.0050476394,.0029320673,45.888889,46,48705,8,48697,-.000857540751055,-.0030655926,.0013505112,45.75,45.875
46,50422,9,50413,-.0008347605659238,-.0047007948,.0030312736,46.777779,47,48670,8,48662,-.0008633689849949,-.0030463126,.0013195747,46.5,46.75
47,50386,9,50377,-.0004895575482776,-.0044113612,.0034322462,47.666668,48,48635,8,48627,-.0009844338023035,-.0030656615,.0010967938,47.25,47.625
48,50350,9,50341,5.82238523453e-06,-.0039085709,.0039202156,48.555557,49,48600,8,48592,.0002192257017995,-.0012570785,.0016955299,48,48.5
49,50314,9,50305,.0000768757766338,-.0038428465,.0039965981,49.444443,50,48565,8,48557,.0004344701077737,-.00086028466,.0017292249,48.75,49.375
50,50278,9,50269,.0003116595018618,-.0035527269,.0041760458,50.333332,51,48530,8,48522,.0002583701092866,-.0010387859,.0015555262,49.5,50.25
51,50242,9,50233,.0006679594751793,-.0030970259,.004432945,51.222221,52,48495,8,48487,.0001738196865413,-.0011398082,.0014874476,50.25,51.125
52,50206,9,50197,.0007783570510856,-.0029463312,.0045030452,52.111111,53,48460,8,48452,.000089862802032,-.0012477854,.001427511,50.625,51.625
53,50170,9,50161,.0009511957101053,-.0028499973,.0047523887,53,54,48425,8,48417,-.0000420400431601,-.0014201365,.0013360565,51,52.125
54,50134,9,50125,.0013530527512931,-.0024923359,.0051984414,53.888889,55,48390,8,48382,-.00010523341326,-.001437231,.0012267642,51.375,52.625
55,50098,9,50089,.0013505771860898,-.0029760457,.0056771999,54.777779,56,48355,8,48347,.000187568307472,-.0012970218,.0016721584,51.75,53.125
56,50062,9,50053,.0015014213575306,-.0029463461,.0059491885,55.666668,57,48320,8,48312,.0003389038080456,-.00077683094,.0014546386,52.125,53.625
57,50026,9,50017,.0019039793825213,-.0025691176,.0063770763,56.555557,58,48285,8,48277,.0002512339749082,-.00093836442,.0014408324,52.5,54.125
58,49990,9,49981,.0020005430264576,-.0025521084,.0065531945,57.444443,59,48250,8,48242,.000149167770944,-.0011576604,.0014559958,52.875,54.625
59,49954,9,49945,.0021132527126217,-.0026014014,.0068279067,58.333332,60,48215,8,48207,.0000477344264626,-.0014095112,.00150498,53.25,55.125
60,49918,9,49909,.0021221618355175,-.0027693706,.0070136944,59.222221,61,48180,8,48172,.0002310243455555,-.0013091714,.0017712201,53.625,55.625
61,49882,9,49873,.0018119764060263,-.0032911706,.0069151237,59.888889,61.777779,48145,8,48137,.0000192496554911,-.0016413241,.0016798235,54,56.125
62,49846,9,49837,.0015457196531106,-.0035961412,.0066875806,60.555557,62.555557,48110,8,48102,.0001512861154087,-.0014945657,.0017971379,54.375,56.625
63,49810,9,49801,.0007072918399311,-.0048482618,.0062628458,61.333332,63.333332,48075,8,48067,-.0002501661284586,-.0019979717,.0014976393,54.875,57.125
64,49774,9,49765,.0004872786584646,-.0050978032,.0060723606,62.111111,64.111115,48040,8,48032,-.0003381449198447,-.0021254639,.001449174,55.375,57.625
65,49738,9,49729,.0003361136302975,-.0052387365,.0059109638,62.888889,64.888885,48005,8,47997,-.0002785596340484,-.0020195469,.0014624275,55.875,58.125
66,49702,9,49693,.0002646024642849,-.0052572549,.0057864599,63.666668,65.666664,47970,8,47962,-.000218981509903,-.0019194701,.0014815071,56.375,58.625
67,49666,9,49657,-.0000484285591237,-.0057571763,.0056603192,64.444443,66.444443,47935,8,47927,-.0001976006126366,-.0021872167,.0017920155,56.875,59.125
68,49630,9,49621,-.0006064673091654,-.006631162,.0054182271,65.222221,67.222221,47900,8,47892,-.000289886266028,-.0022942424,.0017144699,57.375,59.625
69,49594,9,49585,-.0010794591378284,-.007315048,.0051561296,66,68,47865,8,47857,-.0003218454062081,-.002811634,.0021679432,57.875,60.125
70,49558,9,49549,-.0012005292946626,-.0071632103,.0047621517,66.777779,68.777779,47830,8,47822,-.0001262717182547,-.0021869249,.0019343816,58.375,60.625
71,49522,9,49513,-.0014716693946949,-.0074756639,.0045323251,67.555557,69.555557,47795,8,47787,-.0000797153448011,-.0020161064,.0018566758,58.875,61.125
72,49486,9,49477,-.0013053780561483,-.0073397947,.0047290386,68.333336,70.333336,47760,8,47752,.0000329755054387,-.001959464,.002025415,59.375,61.625
73,49450,9,49441,-.0013015169174797,-.0076241284,.0050210948,69.111115,71.111115,47725,8,47717,.0001482537390482,-.0019044346,.0022009423,59.875,62.125
74,49414,9,49405,-.0013824365348207,-.0078278622,.0050629894,69.888885,71.888885,47690,8,47682,.0000659912264122,-.001981498,.0021134806,60.375,62.625
75,49378,9,49369,-.0014486892165249,-.0080538616,.005156483,70.666664,72.666664,47655,8,47647,.0000653969261936,-.0020279808,.0021587745,60.875,63.125
76,49342,9,49333,-.0006703591627661,-.007294422,.0059537035,71.444443,73.444443,47620,8,47612,.0002989296017046,-.0021533794,.0027512386,61.375,63.625
77,49306,9,49297,-.0014560661564463,-.0080679348,.0051558022,72.222221,74.222221,47585,8,47577,.0005813404581755,-.0021887003,.0033513813,61.875,64.125
78,49270,9,49261,-.001815524755319,-.0087140827,.0050830329,73,75,47550,8,47542,.0006816268242891,-.0021204345,.0034836882,62.375,64.625
79,49234,9,49225,-.0021255857238531,-.0092948265,.0050436556,73.777779,75.777779,47515,8,47507,.000704556620798,-.0021149872,.0035241004,62.875,65.125
80,49198,9,49189,-.0021334788893624,-.0094755478,.0052085896,74.555557,76.555557,47480,8,47472,.0007283461106784,-.0021151784,.0035718705,63.375,65.625
81,49162,9,49153,-.0024469969120122,-.010036995,.0051430012,75.333336,77.333336,47445,8,47437,.0007505233302273,-.0022356843,.0037367309,63.875,66.125
82,49126,9,49117,-.0026209985307238,-.010286958,.0050449604,76.111115,78.111115,47410,8,47402,.0007735200893182,-.0020906322,.0036376724,64.375,66.625
83,49090,9,49081,-.003250765283709,-.010901684,.0044001527,76.888885,78.888885,47375,8,47367,.0008120162544087,-.0022144446,.003838477,64.875,67.125
84,49054,9,49045,-.0028794204516985,-.010538951,.0047801095,77.666664,79.666664,47340,8,47332,.0010337079441321,-.001990993,.004058409,65.375,67.625
85,49018,9,49009,-.0026159895774578,-.010137221,.0049052415,78.444443,80.444443,47305,8,47297,.0010009507237452,-.0020011943,.0040030959,65.875,68.125
86,48982,9,48973,-.0024428593923865,-.0098275626,.0049418444,79.222221,81.222221,47270,8,47262,.0010092394865979,-.0019868938,.004005373,66.375,68.625
87,48946,9,48937,-.0024430579935532,-.0097050946,.0048189787,80,82,47235,8,47227,.0010197013744517,-.0019719612,.0040113642,66.875,69.125
88,48910,9,48901,-.0023290308485467,-.0098432414,.0051851794,80.777779,82.777779,47200,8,47192,.0011863587101813,-.0017960102,.0041687274,67.375,69.625
89,48874,9,48865,-.0020522019143166,-.0095939059,.0054895021,81.555557,83.555557,47165,8,47157,.0010227652395667,-.0020899801,.0041355104,67.875,70.125
90,48838,9,48829,-.0022012150149994,-.0097289328,.0053265025,82.333336,84.333336,47130,8,47122,.0009128540170267,-.0020287652,.0038544731,68.375,70.625
91,48802,9,48793,-.0018085177453383,-.0092143798,.0055973441,83.111115,85.111115,47095,8,47087,.0007979667450454,-.002134586,.0037305194,68.875,71.125
92,48766,9,48757,-.0013380788722697,-.0085692005,.0058930432,83.888885,85.888885,47060,8,47052,.0007632479875822,-.0022486355,.0037751314,69.375,71.625
93,48730,9,48721,-.0009567347182267,-.0080327494,.0061192801,84.666664,86.666664,47025,8,47017,.0008254831254406,-.00221494,.0038659063,69.875,72.125
94,48694,9,48685,-.0003085251910202,-.0074342419,.0068171918,85.444443,87.444443,46990,8,46982,.0008883851856664,-.0021894206,.0039661909,70.375,72.625
95,48658,9,48649,-3.17544376349e-06,-.0072222059,.0072158552,86.222221,88.222221,46955,8,46947,.0010187428704648,-.0020107671,.0040482529,70.875,73.125
96,48622,9,48613,.0001537603948178,-.0072686356,.0075761559,87,89,46920,8,46912,.0009153186304888,-.0022087027,.0040393397,71.375,73.625
97,48586,9,48577,.0006521447107128,-.0065075918,.0078118811,87.777779,89.777779,46885,8,46877,.0003246744262228,-.0027594483,.0034087971,71.875,74.125
98,48550,9,48541,.0011491153375888,-.0057933386,.0080915689,88.555557,90.555557,46850,8,46842,.0004228633015394,-.0025200506,.0033657772,72.375,74.625
99,48514,9,48505,.0014246105115808,-.0055430518,.0083922725,89.333336,91.333336,46815,8,46807,.0002957094768253,-.0026684299,.0032598488,72.875,75.125
100,48478,9,48469,.0014994176658239,-.0055968487,.0085956836,90.111115,92.111115,46780,8,46772,.0002122816672717,-.0027726039,.0031971673,73.375,75.625
101,48442,9,48433,.0014382786507977,-.0058541792,.0087307366,90.888885,92.888885,46745,8,46737,.000131620272593,-.0028751006,.0031383412,73.875,76.125
102,48406,9,48397,.0017520310630219,-.0055695549,.0090736169,91.666664,93.666664,46710,8,46702,-.0000130706069423,-.0030208889,.0029947478,74.375,76.625
103,48370,9,48361,.0016752335098487,-.0057542054,.0091046728,92.444443,94.444443,46675,8,46667,-.0003418666267814,-.0033506395,.0026669062,74.875,77.125
104,48334,9,48325,.0017859464596622,-.0058534988,.0094253914,93.111115,95.111115,46640,8,46632,-.0004527674289975,-.0034415789,.0025360442,75.375,77.625
105,48298,9,48289,.0012272449018514,-.0062243608,.0086788507,93.777779,95.777779,46605,8,46597,-.0009893889313412,-.0039607314,.0019819536,75.875,78.125
106,48262,9,48253,.0011501601456069,-.0063072699,.0086075906,94.444443,96.444443,46570,8,46562,-.0009378052258754,-.0038986681,.0020230578,76.375,78.625
107,48226,9,48217,.0011070591444673,-.0062861945,.0085003125,95.111115,97.111115,46535,8,46527,-.0009258572345724,-.0038449715,.0019932571,76.875,79.125
108,48190,9,48181,.0007393557972415,-.0069082286,.0083869407,95.777779,97.777779,46500,8,46492,-.0009109780536032,-.0037900878,.0019681316,77.375,79.625
109,48154,9,48145,.0006378906956867,-.0072103781,.0084861601,96.444443,98.444443,46465,8,46457,-.0008642696291866,-.0037354534,.0020069142,77.875,80.125
110,48118,9,48109,.0004252300592923,-.0075185318,.0083689913,97.111115,99.111115,46430,8,46422,-.0007207826379605,-.0034314732,.0019899078,78.375,80.625
111,48082,9,48073,-.0002500264561569,-.0082730604,.0077730073,97.777779,99.777779,46395,8,46387,-.0008297080720235,-.0038461161,.0021867,78.875,81.125
112,48046,9,48037,-.0005839015214873,-.0083085382,.0071407347,98.444443,100.44444,46360,8,46352,-.0013578703795817,-.0042636064,.0015478657,79.375,81.625
113,48010,9,48001,-.0006623020731024,-.0081490576,.0068244538,99.111115,101.11111,46325,8,46317,-.0014766217528969,-.0045806011,.0016273574,79.875,82.125
114,47974,9,47965,-.0007264048559911,-.0079666367,.006513827,99.777779,101.77778,46290,8,46282,-.0013971185494638,-.0045859898,.0017917526,80.375,82.625
115,47938,9,47929,-.0011051790352547,-.0083240699,.0061137117,100.44444,102.44444,46255,8,46247,-.0013171385459453,-.0045930538,.0019587765,80.875,83.125
116,47902,9,47893,-.0013535927841331,-.0087556206,.0060484353,101.11111,103.11111,46220,8,46212,-.0009435553389175,-.0043577971,.0024706866,81.375,83.625
117,47866,9,47857,-.0013516960484012,-.0089052916,.0062018996,101.77778,103.77778,46185,8,46177,-.0009291769984625,-.0044980305,.0026396767,81.875,84.125
118,47830,9,47821,-.001136600625237,-.0085236263,.0062504252,102.44444,104.44444,46150,8,46142,-.0020027071728403,-.0043812827,.00037586852,82.375,84.625
119,47794,9,47785,-.0008582844192761,-.0084669674,.0067503988,103.11111,105.11111,46115,8,46107,-.0025349058041289,-.0045495117,-.00052029971,82.875,85.125
120,47758,9,47749,-.0009226807492623,-.0086613251,.0068159639,103.66666,105.66666,46080,8,46072,-.0022972040238588,-.00421501,-.00037939803,83.375,85.625
121,47722,9,47713,-.0009776415037153,-.0088623418,.0069070584,104.22222,106.22222,46045,8,46037,-.0022343853435468,-.0040861913,-.00038257919,83.875,86.125
122,47686,9,47677,-.0013266452679448,-.0095907971,.0069375066,104.77778,106.77778,46010,8,46002,-.0021676398674388,-.0039573838,-.0003778961,84.375,86.625
123,47650,9,47641,-.0016434953371132,-.010331403,.0070444127,105.33334,107.33334,45975,8,45967,-.0020867382592249,-.0037964005,-.00037707598,84.875,87.125
124,47614,9,47605,-.0013875243836111,-.010254357,.0074793077,105.88889,107.88889,45940,8,45932,-.0022924004993566,-.0040633134,-.00052148761,85.375,87.625
125,47578,9,47569,-.0013910991222393,-.010215152,.0074329539,106.44444,108.44444,45905,8,45897,-.0015198304761889,-.0046826904,.0016430295,85.875,88.125
126,47542,9,47533,-.0011996315482466,-.010153125,.0077538616,107,109,45870,8,45862,-.0007915877349084,-.003931697,.0023485215,86.375,88.625
127,47506,9,47497,-.0012768923231795,-.010213878,.0076600937,107.55556,109.55556,45835,8,45827,-.0009131926881776,-.0042321337,.0024057482,86.875,89.125
128,47470,9,47461,-.0012632296062885,-.010138791,.0076123313,108.11111,110.11111,45800,8,45792,-.0010814123681237,-.0045445482,.0023817236,87.375,89.625
129,47434,9,47425,-.0018226288240055,-.011238417,.0075931586,108.66666,110.66666,45765,8,45757,-.0012471014870635,-.004857887,.0023636844,87.75,90.125
130,47398,9,47389,-.0022598101696167,-.012027587,.0075079668,109.22222,111.22222,45730,8,45722,-.0012545127833687,-.0047936016,.0022845762,88.125,90.625
131,47362,9,47353,-.0022315386813405,-.011863937,.0074008596,109.77778,111.77778,45695,8,45687,-.0014262960705014,-.0048349998,.0019824074,88.5,91.125
132,47326,9,47317,-.0021805778535172,-.011683354,.0073221987,110.33334,112.33334,45660,8,45652,-.0011083577315858,-.004781635,.0025649194,88.875,91.625
133,47290,9,47281,-.0030048053299145,-.012055085,.0060454742,110.88889,112.88889,45625,8,45617,-.0004069666264925,-.0048303469,.0040164138,89.25,92.125
134,47254,9,47245,-.0027802494097727,-.011983708,.0064232103,111.44444,113.44444,45590,8,45582,-.0003834442324807,-.0048336382,.0040667495,89.625,92.625
135,47218,9,47209,-.0026849776279789,-.012203046,.0068330909,112,114,45555,8,45547,-.0004770751056216,-.0049628066,.0040086564,90,93.125
136,47182,9,47173,-.0025864453107842,-.012414445,.0072415541,112.55556,114.55556,45520,8,45512,-.0005686289486248,-.0050921841,.0039549265,90.375,93.625
137,47146,9,47137,-.0019486317896434,-.012023765,.008126501,113.11111,115.11111,45485,8,45477,-.0005615251298417,-.00514002,.0040169698,90.75,94.125
138,47110,9,47101,-.0017514106541716,-.011958558,.0084557366,113.66666,115.66666,45450,8,45442,-.000689478257287,-.0052191312,.0038401748,91.125,94.625
139,47074,9,47065,-.0013987377789721,-.011697707,.0089002308,114.22222,116.22222,45415,8,45407,-.0008892560169403,-.0058184708,.0040399591,91.5,95.125
140,47038,9,47029,-.00122934192908,-.01151159,.0090529062,114.77778,116.77778,45380,8,45372,-.000183863543645,-.0048727021,.0045049749,91.875,95.625
141,47002,9,46993,-.0012483431238071,-.011636698,.0091400109,115.33334,117.33334,45345,8,45337,-.0001909379744395,-.0047123884,.0043305126,92.25,96.125
142,46966,9,46957,-.0011074461647012,-.011310449,.0090955561,115.88889,117.88889,45310,8,45302,-.0001865715249572,-.0044168513,.0040437081,92.625,96.625
143,46930,9,46921,-.0007839735075694,-.010537285,.0089693386,116.44444,118.44444,45275,8,45267,-.0001811598957799,-.0041320864,.0037697665,93,97.125
144,46894,9,46885,-.0008947746972879,-.010710482,.0089209313,117,119,45240,8,45232,-.0003535613949185,-.0041487482,.0034416253,93.375,97.625
145,46858,9,46849,.000788419480338,-.0071600215,.0087368609,117.55556,119.55556,45205,8,45197,-.0007841535625909,-.0051338272,.00356552,93.75,98.125
146,46822,9,46813,-.000247649645995,-.0088289855,.0083336858,118.11111,120.11111,45170,8,45162,-.001554128962667,-.006286101,.0031778428,94.125,98.625
147,46786,9,46777,-.0013959480727145,-.010775987,.0079840915,118.66666,120.66666,45135,8,45127,-.0014421682549739,-.006456424,.0035720875,94.75,99.25
148,46750,9,46741,-.0014079916305244,-.010694101,.0078781182,119.22222,121.22222,45100,8,45092,-.0012031246475671,-.0062042647,.0037980156,95.375,99.875
149,46714,9,46705,-.0014616270010373,-.01077656,.0078533059,119.77778,121.77778,45065,8,45057,-.001039566639228,-.0059609613,.0038818279,96,100.5
150,46678,9,46669,-.001425620485062,-.010751742,.0079005007,120.33334,122.33334,45030,8,45022,-.0008763208145003,-.0057268282,.0039741863,96.625,101.125
151,46642,9,46633,-.0008984819728906,-.010069682,.0082727186,120.88889,122.88889,44995,8,44987,-.0010176303130282,-.0057506599,.003715399,97.25,101.75
152,46606,9,46597,-.0006539517747543,-.0099482946,.0086403908,121.44444,123.44444,44960,8,44952,-.0010779183406972,-.0057679629,.0036121265,97.875,102.375
153,46570,9,46561,-.0004798851584229,-.0098539554,.0088941855,122,124,44925,8,44917,-.0023466337407714,-.0070616831,.0023684157,98.5,103
154,46534,9,46525,-.0009018326010209,-.0098630507,.0080593852,122.55556,124.55556,44890,8,44882,-.0027779945868477,-.0072895046,.0017335155,99.125,103.625
155,46498,9,46489,-.0006859094036639,-.0097230403,.0083512207,123.11111,125.11111,44855,8,44847,-.0027257979393012,-.0074046282,.0019530323,99.75,104.25
156,46462,9,46453,-.0004629591556241,-.0094900113,.0085640932,123.55556,125.55556,44820,8,44812,-.0027948349078168,-.0075052627,.001915593,100.375,104.875
157,46426,9,46417,.000580201475591,-.0077709514,.0089313546,124,126,44785,8,44777,-.0028624953372731,-.0076088053,.0018838146,101,105.5
158,46390,9,46381,.0009598932055688,-.0074997488,.0094195353,124.44444,126.44444,44750,8,44742,-.0031870012499485,-.0076477635,.0012737609,101.625,106.125
159,46354,9,46345,.0012841357424112,-.0071872696,.0097555406,124.88889,126.88889,44715,8,44707,-.0034077215681673,-.0077943071,.00097886415,102.25,106.75
160,46318,9,46309,.0024344635555923,-.0067000994,.011569027,125.33334,127.33334,44680,8,44672,-.0037375962617559,-.0080608884,.00058569625,102.875,107.375
161,46282,9,46273,.0030773149697746,-.005727069,.011881699,125.77778,127.77778,44645,8,44637,-.0031438603852994,-.00813682,.0018490994,103.5,108
162,46246,9,46237,.0032746878252464,-.0057916157,.012340992,126.22222,128.22223,44610,8,44602,-.0031816475068219,-.0083597004,.0019964054,104.125,108.625
163,46210,9,46201,.0034451064383472,-.0058194804,.012709693,126.66666,128.66667,44575,8,44567,-.0031116507735137,-.0083638038,.0021405024,104.75,109.25
164,46174,9,46165,.0037517574539874,-.0056940941,.013197609,127.11111,129.11111,44540,8,44532,-.0030378676600195,-.0083640777,.0022883427,105.375,109.875
165,46138,9,46129,.0039273554098994,-.0054919161,.013346626,127.55556,129.55556,44505,8,44497,-.0030223480901973,-.0083133653,.0022686692,106,110.5
166,46102,9,46093,.0040610134224208,-.0055310465,.013653073,127.88889,129.88889,44470,8,44462,-.0034298633078218,-.0091774324,.0023177059,106.625,111.125
167,46066,9,46057,.0041485079665392,-.0046406621,.012937678,128.22223,130.22223,44435,8,44427,-.003960669195796,-.010255029,.0023336913,107.25,111.75
168,46030,9,46021,.0038554104103635,-.0043632179,.012074038,128.55556,130.55556,44400,8,44392,-.0028316481644219,-.0081476886,.0024843924,107.875,112.375
169,45994,9,45985,.0043541819651493,-.0038388539,.012547217,128.88889,130.88889,44365,8,44357,-.0030573894263914,-.0085986163,.0024838378,108.5,113
170,45958,9,45949,.0046421326774357,-.0036957392,.012980005,129.22223,131.22223,44330,8,44322,-.0030044282723252,-.0085178586,.0025090019,109.125,113.625
171,45922,9,45913,.0053265760856182,-.0028050032,.013458155,129.55556,131.55556,44295,8,44287,-.0029508365466151,-.0084417956,.0025401227,109.75,114.25
172,45886,9,45877,.0056970152463396,-.0023338282,.013727859,130,132,44260,8,44252,-.0029117125046275,-.008382977,.002559552,110.375,114.875
173,45850,9,45841,.0061074188019692,-.0018523247,.014067162,130.44444,132.44444,44225,8,44217,-.0029808569705369,-.0085459426,.0025842288,111,115.5
174,45814,9,45805,.0050071517728437,-.0012531755,.01126748,130.88889,132.88889,44190,8,44182,-.0029651751518093,-.0084896078,.0025592572,111.625,116.125
175,45778,9,45769,.0045530481950934,-.0012923895,.010398486,131.33333,133.33333,44155,8,44147,-.0031574645289966,-.009194186,.0028792568,112.25,116.75
176,45742,9,45733,.0043466805528179,-.0017860594,.01047942,131.77777,133.77777,44120,8,44112,-.0031267117356667,-.0092318747,.0029784516,112.875,117.375
177,45706,9,45697,.0041895797063047,-.002224328,.010603487,132.11111,134.11111,44085,8,44077,-.0030933586961993,-.0092663644,.003079647,113.5,118
178,45670,9,45661,.0040710291899241,-.0026467051,.010788764,132.44444,134.44444,44050,8,44042,-.0030557597507895,-.0092940666,.0031825472,114.125,118.625
179,45634,9,45625,.0039599096705204,-.0028849645,.010804784,132.77777,134.77777,44015,8,44007,-.0030232860026186,-.0093722818,.0033257098,114.75,119.25
180,45598,9,45589,.0038278648241577,-.0028738647,.010529594,133.11111,135.11111,43980,8,43972,-.0032774091449036,-.0099254306,.0033706122,115.375,119.875
181,45562,9,45553,.0035850581939732,-.002703184,.0098733008,133.44444,135.44444,43945,8,43937,-.0034559731739509,-.010585004,.0036730582,116,120.5
182,45526,9,45517,.0034372547497015,-.002095009,.0089695184,133.77777,135.77777,43910,8,43902,-.003176646590746,-.010169118,.0038158244,116.625,121.125
183,45490,9,45481,.003774292346357,-.0015744104,.0091229947,134.11111,136.11111,43875,8,43867,-.0032041498920805,-.010226218,.0038179187,117.25,121.75
184,45454,9,45445,.0041464780867596,-.0010064064,.0092993621,134.44444,136.44444,43840,8,43832,-.0032190376474608,-.010153052,.0037149773,117.875,122.375
185,45418,9,45409,.0040189604015537,-.0015465671,.0095844874,134.77777,136.77777,43805,8,43797,-.0032339875022432,-.01008149,.0036135146,118.5,123
186,45382,9,45373,.0038365039174559,-.0018588825,.00953189,135.11111,137.11111,43770,8,43762,-.0032784633839604,-.0099897515,.003432825,119.125,123.625
187,45346,9,45337,.003819878678219,-.0016761608,.0093159182,135.44444,137.44444,43735,8,43727,-.0032716238184459,-.0099510774,.0034078299,119.75,124.25
188,45310,9,45301,.0035882207249468,-.0013270903,.008503532,135.77777,137.77777,43700,8,43692,-.0031106149785767,-.0098474948,.0036262651,120.375,124.875
189,45274,9,45265,.0036763828671662,-.0010537216,.0084064873,136.11111,138.11111,43665,8,43657,-.0031915118316177,-.0097029349,.0033199112,121,125.5
190,45238,9,45229,.0038471278572414,-.00084378762,.0085380431,136.44444,138.44444,43630,8,43622,-.0034978430187099,-.0098036481,.002807962,121.625,126.125
191,45202,9,45193,.0037043239790413,-.0012661773,.0086748255,136.77777,138.77777,43595,8,43587,-.0035114573527055,-.0093616312,.0023387168,122.25,126.75
192,45166,9,45157,.003101330225522,-.0026639684,.0088666286,137.11111,139.11111,43560,8,43552,-.0035302262216466,-.008928949,.0018684963,122.875,127.375
193,45130,9,45121,.0031668424955525,-.002936969,.0092706541,137.44444,139.44444,43525,8,43517,-.0035285578961865,-.0089592859,.0019021705,123.5,128
194,45094,9,45085,.0031127201751766,-.0030800507,.0093054911,137.77777,139.77777,43490,8,43482,-.0037526391592107,-.0098649664,.0023596876,124.125,128.625
195,45058,9,45049,.0032147293260498,-.0031883921,.0096178511,138.11111,140.11111,43455,8,43447,-.0043828901589852,-.010074303,.0013085232,124.75,129.25
196,45022,9,45013,.0029475327687338,-.002980011,.0088750767,138.44444,140.44444,43420,8,43412,-.0046231090638687,-.010069459,.00082324055,125.375,129.875
197,44986,9,44977,.0030969261742469,-.0029763798,.0091702323,138.77777,140.77777,43385,8,43377,-.0046593987256269,-.01017474,.00085594261,126,130.5
198,44950,9,44941,.0032619611839155,-.0029907099,.0095146326,139.11111,141.11111,43350,8,43342,-.0045985258977071,-.010126772,.00092972012,126.625,131.125
199,44914,9,44905,.0035997089242229,-.0026601769,.0098595945,139.44444,141.44444,43315,8,43307,-.0045377741602607,-.010081484,.0010059356,127.25,131.75
200,44878,9,44869,.0034526602074528,-.0036436981,.010549018,139.88889,141.88889,43280,8,43272,-.0046982325859179,-.010299313,.00090284803,127.875,132.375
201,44842,9,44833,.003583141350773,-.0038359177,.011002201,140.33333,142.33333,43245,8,43237,-.0047575406683049,-.010371153,.00085607229,128.5,133
202,44806,9,44797,.0037559650536234,-.0039366339,.011448564,140.77777,142.77777,43210,8,43202,-.0039922580140855,-.0095353369,.0015508204,129.125,133.625
203,44770,9,44761,.003332898930768,-.0047292551,.011395053,141.22223,143.22223,43175,8,43167,-.0036452151544083,-.0091002928,.0018098628,129.75,134.25
204,44734,9,44725,.0034332206243427,-.0048282305,.011694672,141.66667,143.66667,43140,8,43132,-.00353389881275,-.0089737102,.0019059128,130.375,134.875
205,44698,9,44689,.0036368313050373,-.0047527342,.012026397,142.11111,144.11111,43105,8,43097,-.0035074860172968,-.0089601083,.0019451359,131,135.5
206,44662,9,44653,.0034979505973896,-.0054790513,.012474952,142.55556,144.55556,43070,8,43062,-.0034786058889515,-.0089476369,.0019904249,131.625,136.125
207,44626,9,44617,.0037053083236235,-.0047932523,.012203869,143,145,43035,8,43027,-.0036452353804512,-.0091777882,.0018873175,132.25,136.75
208,44590,9,44581,.0036781543696896,-.0047730105,.01212932,143.44444,145.44444,43000,8,42992,-.0039517207218969,-.0097053768,.001801935,132.875,137.375
209,44554,9,44545,.005111423750454,-.0044438215,.014666669,143.88889,145.88889,42965,8,42957,-.0038751933799761,-.0092180381,.0014676517,133.5,138
210,44518,9,44509,.0055817556949194,-.0038711529,.015034664,144.33333,146.33333,42930,8,42922,-.0036770396845619,-.0086271903,.0012731109,134.125,138.625
211,44482,9,44473,.0060376629055353,-.0033488583,.015424185,144.77777,146.77777,42895,8,42887,-.0039479342067304,-.0090114251,.0011155568,134.75,139.25
212,44446,9,44437,.0064984348701981,-.0028117974,.015808668,145.22223,147.22223,42860,8,42852,-.0041366755471687,-.0092188995,.00094554864,135.375,139.875
213,44410,9,44401,.0070487940198871,-.0020563453,.016153933,145.66667,147.66667,42825,8,42817,-.0043234012660667,-.0094286371,.00078183436,136,140.5
214,44374,9,44365,.0070087910732683,-.0018681892,.015885772,146.11111,148.11111,42790,8,42782,-.0043596401871353,-.0095568495,.00083756889,136.625,141.125
215,44338,9,44329,.0073107419845193,-.0015221897,.016143674,146.55556,148.55556,42755,8,42747,-.0044671807693592,-.0095205605,.00058619905,137.25,141.75
216,44302,9,44293,.0070461543002271,-.0013875864,.015479895,147,149,42720,8,42712,-.004142611465741,-.010096909,.0018116866,137.875,142.375
217,44266,9,44257,.0073907933210222,-.0012069542,.015988542,147.44444,149.44444,42685,8,42677,-.0041060113097359,-.010181478,.0019694555,138.5,143
218,44230,9,44221,.0072785403342068,-.0019279862,.016485067,147.88889,149.88889,42650,8,42642,-.0042879742220573,-.010334683,.001758734,139.125,143.625
219,44194,9,44185,.0074938300600209,-.0019119499,.01689961,148.33333,150.33333,42615,8,42607,-.004493478846048,-.01048087,.0014939131,139.75,144.25
220,44158,9,44149,.0076746189663642,-.0019748462,.017324084,148.77777,150.77777,42580,8,42572,-.0046941716281727,-.010628641,.0012402976,140.375,144.875
221,44122,9,44113,.0079275085910399,-.0017512089,.017606227,149.22223,151.22223,42545,8,42537,-.0048821476918448,-.010859692,.0010953968,141,145.5
222,44086,9,44077,.0081272410936509,-.0015310833,.017785566,149.66667,151.66667,42510,8,42502,-.0050485925270313,-.011195011,.0010978263,141.625,146.125
223,44050,9,44041,.0084196679683908,-.0011722399,.018011576,150,152.11111,42475,8,42467,-.0049333135613426,-.010364538,.00049791083,142.25,146.75
224,44014,9,44005,.0081550762448696,-.0011877872,.01749794,150.33333,152.55556,42440,8,42432,-.0052065806223418,-.0099531384,-.00046002274,142.875,147.375
225,43978,9,43969,.0082889714866056,-.00099235063,.017570294,150.66667,153,42405,8,42397,-.0049831258134824,-.0096748415,-.00029141022,143.5,148
226,43942,9,43933,.0088274903987523,.000079076039,.017575905,151,153.44444,42370,8,42362,-.0049107838923992,-.009582418,-.00023915013,144.125,148.625
227,43906,9,43897,.0091575505529562,.00064410968,.017670991,151.33333,153.88889,42335,8,42327,-.0048359034638831,-.0094900122,-.00018179491,144.75,149.25
228,43870,9,43861,.0090589335174515,.00042653494,.017691333,151.66667,154.33333,42300,8,42292,-.0045280079648781,-.0089988755,-.00005714034,145.375,149.875
229,43834,9,43825,.0096000664941642,.001076795,.018123338,152,154.77777,42265,8,42257,-.004477783074871,-.0089948475,.000039281396,146,150.5
230,43798,9,43789,.01008134854519,.0016284327,.018534264,152.33333,155.22223,42230,8,42222,-.0047459140308643,-.0096909422,.00019911434,146.625,151.125
231,43762,9,43753,.0105114153306481,.0026391486,.018383682,152.66667,155.66667,42195,8,42187,-.0053198268906187,-.010614729,-.000024925208,147.25,151.75
232,43726,9,43717,.0106900831726375,.0033819431,.017998224,153,156.11111,42160,8,42152,-.0051176790971271,-.010311576,.000076217118,147.875,152.375
233,43690,9,43681,.0110527749059524,.0044298428,.017675707,153.33333,156.55556,42125,8,42117,-.005156768962907,-.010250428,-.000063110456,148.5,153
234,43654,9,43645,.0111716403230546,.0049456079,.017397672,153.66667,157,42090,8,42082,-.0051939917538082,-.010205942,-.00018204172,149.125,153.625
235,43618,9,43609,.0117570922176555,.0056825043,.017831679,154,157.44444,42055,8,42047,-.0052337689364997,-.010183113,-.00028442484,149.75,154.25
236,43582,9,43573,.0122451208659987,.0061246031,.018365638,154.33333,157.88889,42020,8,42012,-.0053541205113622,-.010108551,-.00059968972,150.375,154.875
237,43546,9,43537,.0127044673199974,.0064857588,.018923176,154.66667,158.33333,41985,8,41977,-.0045390789126559,-.010089509,.0010113515,151,155.5
238,43510,9,43501,.0129100907638411,.0069980342,.018822147,155,158.77777,41950,8,41942,-.0046100567212327,-.010192875,.00097276171,151.625,156.125
239,43474,9,43465,.0136445245669157,.0079959771,.019293072,155.33333,159.22223,41915,8,41907,-.0046095720357426,-.01019052,.00097137573,152.25,156.75
240,43438,9,43429,.0142951610133784,.0087526059,.019837717,155.66667,159.66667,41880,8,41872,-.0045388191968719,-.01003053,.00095289206,152.875,157.375
241,43402,9,43393,.0142118779564632,.0079101296,.020513626,156,160.11111,41845,8,41837,-.0044626624252989,-.0098663988,.00094107405,153.5,158
242,43366,9,43357,.0142163618149297,.0075917942,.02084093,156.33333,160.55556,41810,8,41802,-.0044211690502029,-.009641354,.00079901551,154.125,158.625
243,43330,9,43321,.0141584293251731,.0072593936,.021057466,156.66667,161,41775,8,41767,-.0046952173593774,-.0098927459,.00050231093,154.75,159.25
244,43294,9,43285,.0138603679517878,.0067208274,.020999908,157,161.44444,41740,8,41732,-.0054781223897818,-.010720022,-.00023622239,155.375,159.875
245,43258,9,43249,.013454882293579,.0062040491,.020705715,157.22223,161.88889,41705,8,41697,-.0053829620380723,-.010974417,.00020849305,156,160.5
246,43222,9,43213,.013296873238066,.0058840089,.020709738,157.44444,162.33333,41670,8,41662,-.0052104446992513,-.010508543,.000087653549,156.625,161.125
247,43186,9,43177,.0129078181538382,.0050564646,.020759171,157.66667,162.77777,41635,8,41627,-.005114286268596,-.010233202,4.6296814e-06,157.25,161.75
248,43150,9,43141,.0132052250357676,.0057075606,.020702889,157.88889,163.22223,41600,8,41592,-.0050179565287933,-.0099705243,-.000065388878,157.875,162.375
249,43114,9,43105,.0134730252065019,.0059513883,.020994661,158.11111,163.66667,41565,8,41557,-.0048505578304664,-.0095977886,-.00010332744,158.5,163
250,43078,9,43069,.0134028146106803,.0056313616,.021174267,158.33333,164.11111,41530,8,41522,-.0049539471890116,-.009600969,-.00030692539,159.125,163.625
251,43042,9,43033,.0130950522574608,.0057264813,.020463623,158.55556,164.55556,41495,8,41487,-.005074166990209,-.0097636348,-.0003846992,159.75,164.25
252,43006,9,42997,.012796349082057,.0055333739,.020059325,158.77777,165,41460,8,41452,-.0048811040242902,-.0094805043,-.00028170363,160.375,164.875
253,42970,9,42961,.0130947873926963,.0057184757,.0204711,159,165.44444,41425,8,41417,-.0049790043146874,-.0095220692,-.00043593982,161,165.5
254,42934,9,42925,.0135606098434855,.0062258565,.020895364,159.22223,165.88889,41390,8,41382,-.0049885135453754,-.0095749442,-.0004020833,161.625,166.125
255,42898,9,42889,.0129436065133467,.0042924453,.021594768,159.44444,166.33333,41355,8,41347,-.0049983488784988,-.0096287876,-.00036791043,162.25,166.75
256,42862,9,42853,.0133882632497023,.0040375413,.022738986,159.66667,166.77777,41320,8,41312,-.0050084588055755,-.0096906219,-.00032629585,162.875,167.375
257,42826,9,42817,.0135071523170476,.0038490114,.023165293,159.88889,167.22223,41285,8,41277,-.0053382760214772,-.010049708,-.0006268443,163.5,168
258,42790,9,42781,.0129434157728683,.003587665,.022299167,160.11111,167.66667,41250,8,41242,-.005630262642225,-.010737915,-.00052261114,164.125,168.625
259,42754,9,42745,.0130541752226099,.0036796383,.022428712,160.55556,168.22223,41215,8,41207,-.0063077581136487,-.010546743,-.0020687736,164.75,169.25
260,42718,9,42709,.0130307700831836,.0034441124,.022617428,161,168.77777,41180,8,41172,-.0056152219363517,-.010135092,-.0010953521,165.375,169.875
261,42682,9,42673,.0129874808626576,.0031704537,.022804508,161.44444,169.33333,41145,8,41137,-.0055817662782301,-.010006698,-.0011568351,166,170.5
262,42646,9,42637,.0125380167895777,.0019333542,.023142679,161.88889,169.88889,41110,8,41102,-.0055459294430946,-.0098845745,-.0012072845,166.625,171.125
263,42610,9,42601,.0122439209493893,.0010825144,.023405328,162.44444,170.44444,41075,8,41067,-.0054107109760966,-.0095926076,-.0012288145,167.25,171.75
264,42574,9,42565,.0121702140820838,.00075049,.023589939,163,171,41040,8,41032,-.0055835512667852,-.0099219056,-.0012451968,167.875,172.375
265,42538,9,42529,.0120665884363578,.00033173335,.023801444,163.55556,171.55556,41005,8,40997,-.0060234038306077,-.010641468,-.00140534,168.5,173
266,42502,9,42493,.0120544954766691,.00012173995,.02398725,164.11111,172.11111,40970,8,40962,-.0056737204775704,-.010516372,-.00083106937,169.125,173.625
267,42466,9,42457,.0120645471682291,-2.9839825e-06,.024132079,164.66667,172.66667,40935,8,40927,-.0051710425483928,-.0093384553,-.00100363,169.75,174.25
268,42430,9,42421,.0120116240044617,-.00032210906,.024345357,165.22223,173.22223,40900,8,40892,-.0053640721485169,-.009599559,-.0011285852,170.375,174.875
269,42394,9,42385,.011964093220913,-.0006018139,.024530001,165.77777,173.77777,40865,8,40857,-.005553578168097,-.0098709436,-.0012362128,171,175.5
270,42358,9,42349,.0118595353759885,-.00072596688,.024445038,166.33333,174.33333,40830,8,40822,-.0055832844733433,-.009825469,-.0013410997,171.625,176.125
271,42322,9,42313,.0119466868953411,-.00076705113,.024660425,166.88889,174.88889,40795,8,40787,-.0058142127138162,-.010262416,-.0013660098,172.125,176.625
272,42286,9,42277,.0109552073143938,-.0013383323,.023248747,167.44444,175.44444,40760,8,40752,-.005980945148363,-.01089306,-.0010688303,172.625,177.125
273,42250,9,42241,.0108320028501122,-.001415996,.023080003,168,176,40725,8,40717,-.0054935564285361,-.010660029,-.00032708392,173.125,177.625
